-- 021_conformity_platform.sql
-- Conformity Platform data layer: schema + idempotent seed from the OXOT
-- multi-regulation dataset (5 regulations, 78 requirements, 15 themes,
-- theme x regulation mappings, implementation timeline, source corpus).
-- Seeded via db:migrate (Railway pre-deploy runs migrations, not seed:*).
-- NL translation columns are added by a later migration.

CREATE TABLE IF NOT EXISTS conformity_regulations (
  id serial PRIMARY KEY,
  key text UNIQUE NOT NULL,
  name text NOT NULL,
  short_name text NOT NULL,
  full_title text NOT NULL,
  jurisdiction text,
  summary text,
  in_force_date date,
  source_url text,
  requirement_count int DEFAULT 0,
  sort_order int DEFAULT 0,
  name_nl text, short_name_nl text, full_title_nl text, summary_nl text,
  updated_at timestamptz DEFAULT now()
);

CREATE TABLE IF NOT EXISTS conformity_themes (
  id serial PRIMARY KEY,
  key text UNIQUE NOT NULL,
  name text NOT NULL,
  description text,
  sort_order int DEFAULT 0,
  name_nl text, description_nl text
);

CREATE TABLE IF NOT EXISTS conformity_requirements (
  id serial PRIMARY KEY,
  regulation_key text NOT NULL,
  theme_key text,
  ref_code text NOT NULL,
  title text NOT NULL,
  description text,
  obligation_type text,
  applies_to text[] DEFAULT '{}',
  mapping_count int DEFAULT 0,
  sort_order int DEFAULT 0,
  title_nl text, description_nl text,
  UNIQUE (regulation_key, ref_code)
);

CREATE TABLE IF NOT EXISTS conformity_mappings (
  id serial PRIMARY KEY,
  theme_key text NOT NULL,
  regulation_key text NOT NULL,
  requirement_count int DEFAULT 0,
  requirement_refs text[] DEFAULT '{}',
  UNIQUE (theme_key, regulation_key)
);

CREATE TABLE IF NOT EXISTS conformity_timeline (
  id serial PRIMARY KEY,
  regulation_key text,
  event_date date NOT NULL,
  label text NOT NULL,
  label_nl text,
  sort_order int DEFAULT 0,
  UNIQUE (regulation_key, event_date, label)
);

CREATE TABLE IF NOT EXISTS conformity_sources (
  id serial PRIMARY KEY,
  title text NOT NULL UNIQUE,
  filename text,
  url text,
  kind text,
  description text,
  regulation_key text,
  sort_order int DEFAULT 0
);

CREATE TABLE IF NOT EXISTS conformity_meta (
  key text PRIMARY KEY,
  value_int int,
  value_text text
);

-- Regulations
INSERT INTO conformity_regulations (key,name,short_name,full_title,jurisdiction,summary,in_force_date,source_url,requirement_count,sort_order) VALUES ('cra','Cyber Resilience Act','CRA','Regulation (EU) 2024/2847 on horizontal cybersecurity requirements for products with digital elements','European Union','Sets mandatory cybersecurity requirements for the design, development, production and vulnerability handling of any product with digital elements placed on the EU market. Introduces essential product requirements (Annex I Part I), vulnerability-handling requirements (Annex I Part II), CE marking, and risk-based conformity routes tied to product classes.','2024-12-10','https://eur-lex.europa.eu/eli/reg/2024/2847/oj',19,1) ON CONFLICT (key) DO UPDATE SET name=EXCLUDED.name,short_name=EXCLUDED.short_name,full_title=EXCLUDED.full_title,jurisdiction=EXCLUDED.jurisdiction,summary=EXCLUDED.summary,in_force_date=EXCLUDED.in_force_date,source_url=EXCLUDED.source_url,requirement_count=EXCLUDED.requirement_count,sort_order=EXCLUDED.sort_order,updated_at=now();
INSERT INTO conformity_regulations (key,name,short_name,full_title,jurisdiction,summary,in_force_date,source_url,requirement_count,sort_order) VALUES ('ai_act','EU Artificial Intelligence Act','AI Act','Regulation (EU) 2024/1689 laying down harmonised rules on artificial intelligence','European Union','Risk-based framework for AI systems. High-risk systems must meet requirements on risk management, data governance, technical documentation, logging, transparency, human oversight, and accuracy/robustness/cybersecurity, backed by a quality management system, conformity assessment, registration, and post-market monitoring.','2024-08-01','https://eur-lex.europa.eu/eli/reg/2024/1689/oj',12,2) ON CONFLICT (key) DO UPDATE SET name=EXCLUDED.name,short_name=EXCLUDED.short_name,full_title=EXCLUDED.full_title,jurisdiction=EXCLUDED.jurisdiction,summary=EXCLUDED.summary,in_force_date=EXCLUDED.in_force_date,source_url=EXCLUDED.source_url,requirement_count=EXCLUDED.requirement_count,sort_order=EXCLUDED.sort_order,updated_at=now();
INSERT INTO conformity_regulations (key,name,short_name,full_title,jurisdiction,summary,in_force_date,source_url,requirement_count,sort_order) VALUES ('machinery','Machinery Regulation','Machinery','Regulation (EU) 2023/1230 on machinery, repealing Directive 2006/42/EC','European Union','Essential health and safety requirements for machinery, now including explicit cybersecurity provisions for safety-related control systems (protection against corruption, reliability of control systems). Requires a technical file, risk assessment, EU Declaration of Conformity, and — for high-risk categories — third-party conformity assessment.','2023-07-19','https://eur-lex.europa.eu/eli/reg/2023/1230/oj',8,3) ON CONFLICT (key) DO UPDATE SET name=EXCLUDED.name,short_name=EXCLUDED.short_name,full_title=EXCLUDED.full_title,jurisdiction=EXCLUDED.jurisdiction,summary=EXCLUDED.summary,in_force_date=EXCLUDED.in_force_date,source_url=EXCLUDED.source_url,requirement_count=EXCLUDED.requirement_count,sort_order=EXCLUDED.sort_order,updated_at=now();
INSERT INTO conformity_regulations (key,name,short_name,full_title,jurisdiction,summary,in_force_date,source_url,requirement_count,sort_order) VALUES ('iec_62443','IEC 62443 Series','IEC 62443','IEC 62443 — Security for industrial automation and control systems (IACS)','International standard','The reference standard series for OT/ICS cybersecurity. 62443-4-1 defines a secure product development lifecycle (eight practices); 62443-4-2 defines technical component requirements across seven foundational requirements. Target Security Levels (SL 1-4) scale controls to the threat. Widely used as evidence for CRA and Machinery cybersecurity obligations.',NULL,'https://www.iec.ch/blog/understanding-iec-62443',27,4) ON CONFLICT (key) DO UPDATE SET name=EXCLUDED.name,short_name=EXCLUDED.short_name,full_title=EXCLUDED.full_title,jurisdiction=EXCLUDED.jurisdiction,summary=EXCLUDED.summary,in_force_date=EXCLUDED.in_force_date,source_url=EXCLUDED.source_url,requirement_count=EXCLUDED.requirement_count,sort_order=EXCLUDED.sort_order,updated_at=now();
INSERT INTO conformity_regulations (key,name,short_name,full_title,jurisdiction,summary,in_force_date,source_url,requirement_count,sort_order) VALUES ('nis2','NIS2 Directive','NIS2','Directive (EU) 2022/2555 on measures for a high common level of cybersecurity across the Union','European Union','EU-wide cybersecurity directive imposing risk-management, governance and incident-reporting obligations on essential and important entities across critical sectors (energy, transport, water, health, digital infrastructure, manufacturing and more). Unlike the product-focused CRA, NIS2 governs the operator: management accountability, a defined set of technical and organisational measures (Art 21), and strict incident notification timelines (Art 23).','2023-01-16','https://eur-lex.europa.eu/eli/dir/2022/2555/oj',12,5) ON CONFLICT (key) DO UPDATE SET name=EXCLUDED.name,short_name=EXCLUDED.short_name,full_title=EXCLUDED.full_title,jurisdiction=EXCLUDED.jurisdiction,summary=EXCLUDED.summary,in_force_date=EXCLUDED.in_force_date,source_url=EXCLUDED.source_url,requirement_count=EXCLUDED.requirement_count,sort_order=EXCLUDED.sort_order,updated_at=now();

-- Themes
INSERT INTO conformity_themes (key,name,description,sort_order) VALUES ('secure_by_design','Secure by Design & Default','Building appropriate, risk-proportionate security into a product from the outset, including secure default configuration and minimised attack surface.',1) ON CONFLICT (key) DO UPDATE SET name=EXCLUDED.name,description=EXCLUDED.description,sort_order=EXCLUDED.sort_order;
INSERT INTO conformity_themes (key,name,description,sort_order) VALUES ('risk_management','Risk Management','Establishing and maintaining a process to identify, assess and treat security and safety risks throughout the product lifecycle.',2) ON CONFLICT (key) DO UPDATE SET name=EXCLUDED.name,description=EXCLUDED.description,sort_order=EXCLUDED.sort_order;
INSERT INTO conformity_themes (key,name,description,sort_order) VALUES ('vulnerability_handling','Vulnerability Handling','Identifying, testing for, remediating and disclosing vulnerabilities, including coordinated disclosure.',3) ON CONFLICT (key) DO UPDATE SET name=EXCLUDED.name,description=EXCLUDED.description,sort_order=EXCLUDED.sort_order;
INSERT INTO conformity_themes (key,name,description,sort_order) VALUES ('secure_update','Secure Update Management','Providing and securely distributing security updates and patches over the product''s supported lifetime.',4) ON CONFLICT (key) DO UPDATE SET name=EXCLUDED.name,description=EXCLUDED.description,sort_order=EXCLUDED.sort_order;
INSERT INTO conformity_themes (key,name,description,sort_order) VALUES ('sbom_supply_chain','SBOM & Supply Chain','Identifying and managing components and third-party dependencies, including a software bill of materials.',5) ON CONFLICT (key) DO UPDATE SET name=EXCLUDED.name,description=EXCLUDED.description,sort_order=EXCLUDED.sort_order;
INSERT INTO conformity_themes (key,name,description,sort_order) VALUES ('access_control','Access Control','Identification, authentication and authorization controls that prevent unauthorised access to the product and its functions.',6) ON CONFLICT (key) DO UPDATE SET name=EXCLUDED.name,description=EXCLUDED.description,sort_order=EXCLUDED.sort_order;
INSERT INTO conformity_themes (key,name,description,sort_order) VALUES ('data_protection','Data Protection & Integrity','Protecting the confidentiality and integrity of stored, transmitted and processed data, commands and configuration.',7) ON CONFLICT (key) DO UPDATE SET name=EXCLUDED.name,description=EXCLUDED.description,sort_order=EXCLUDED.sort_order;
INSERT INTO conformity_themes (key,name,description,sort_order) VALUES ('logging_monitoring','Logging & Monitoring','Recording security-relevant activity and enabling detection of, and response to, security events.',8) ON CONFLICT (key) DO UPDATE SET name=EXCLUDED.name,description=EXCLUDED.description,sort_order=EXCLUDED.sort_order;
INSERT INTO conformity_themes (key,name,description,sort_order) VALUES ('incident_reporting','Incident Reporting','Notifying authorities and users of actively exploited vulnerabilities and severe or serious incidents within mandated timeframes.',9) ON CONFLICT (key) DO UPDATE SET name=EXCLUDED.name,description=EXCLUDED.description,sort_order=EXCLUDED.sort_order;
INSERT INTO conformity_themes (key,name,description,sort_order) VALUES ('technical_documentation','Technical Documentation','Compiling and maintaining the technical documentation / technical file that demonstrates conformity.',10) ON CONFLICT (key) DO UPDATE SET name=EXCLUDED.name,description=EXCLUDED.description,sort_order=EXCLUDED.sort_order;
INSERT INTO conformity_themes (key,name,description,sort_order) VALUES ('conformity_declaration','Conformity Declaration','Drawing up the EU Declaration of Conformity and applying the appropriate marking.',11) ON CONFLICT (key) DO UPDATE SET name=EXCLUDED.name,description=EXCLUDED.description,sort_order=EXCLUDED.sort_order;
INSERT INTO conformity_themes (key,name,description,sort_order) VALUES ('human_oversight','Human Oversight & Transparency','Ensuring systems are transparent to and can be effectively overseen and controlled by humans.',12) ON CONFLICT (key) DO UPDATE SET name=EXCLUDED.name,description=EXCLUDED.description,sort_order=EXCLUDED.sort_order;
INSERT INTO conformity_themes (key,name,description,sort_order) VALUES ('data_governance','Data Governance','Governing the quality, relevance and representativeness of data used to train, validate and operate systems.',13) ON CONFLICT (key) DO UPDATE SET name=EXCLUDED.name,description=EXCLUDED.description,sort_order=EXCLUDED.sort_order;
INSERT INTO conformity_themes (key,name,description,sort_order) VALUES ('resilience','Resilience & Availability','Maintaining availability of essential functions and resisting denial-of-service, manipulation and other disruptions.',14) ON CONFLICT (key) DO UPDATE SET name=EXCLUDED.name,description=EXCLUDED.description,sort_order=EXCLUDED.sort_order;
INSERT INTO conformity_themes (key,name,description,sort_order) VALUES ('post_market','Post-market Monitoring','Actively monitoring products in the field and feeding findings back into risk management over the support period.',15) ON CONFLICT (key) DO UPDATE SET name=EXCLUDED.name,description=EXCLUDED.description,sort_order=EXCLUDED.sort_order;

-- Requirements
INSERT INTO conformity_requirements (regulation_key,theme_key,ref_code,title,description,obligation_type,applies_to,mapping_count,sort_order) VALUES ('iec_62443','risk_management','4-1 SM','Security management','Establish a security management process governing the development lifecycle, including roles, responsibilities and a defined scope of the process.','process',ARRAY['supplier']::text[],2,1) ON CONFLICT (regulation_key,ref_code) DO UPDATE SET theme_key=EXCLUDED.theme_key,title=EXCLUDED.title,description=EXCLUDED.description,obligation_type=EXCLUDED.obligation_type,applies_to=EXCLUDED.applies_to,mapping_count=EXCLUDED.mapping_count,sort_order=EXCLUDED.sort_order;
INSERT INTO conformity_requirements (regulation_key,theme_key,ref_code,title,description,obligation_type,applies_to,mapping_count,sort_order) VALUES ('ai_act','risk_management','Art 9','Risk management system','Establish, implement, document and maintain a risk management system running throughout the entire lifecycle of the high-risk AI system.','process',ARRAY['provider']::text[],3,1) ON CONFLICT (regulation_key,ref_code) DO UPDATE SET theme_key=EXCLUDED.theme_key,title=EXCLUDED.title,description=EXCLUDED.description,obligation_type=EXCLUDED.obligation_type,applies_to=EXCLUDED.applies_to,mapping_count=EXCLUDED.mapping_count,sort_order=EXCLUDED.sort_order;
INSERT INTO conformity_requirements (regulation_key,theme_key,ref_code,title,description,obligation_type,applies_to,mapping_count,sort_order) VALUES ('nis2','risk_management','Art 20','Governance and management accountability','The management bodies of essential and important entities shall approve the cybersecurity risk-management measures, oversee their implementation, and follow training; they can be held liable for infringements.','governance',ARRAY['operator']::text[],2,1) ON CONFLICT (regulation_key,ref_code) DO UPDATE SET theme_key=EXCLUDED.theme_key,title=EXCLUDED.title,description=EXCLUDED.description,obligation_type=EXCLUDED.obligation_type,applies_to=EXCLUDED.applies_to,mapping_count=EXCLUDED.mapping_count,sort_order=EXCLUDED.sort_order;
INSERT INTO conformity_requirements (regulation_key,theme_key,ref_code,title,description,obligation_type,applies_to,mapping_count,sort_order) VALUES ('machinery','secure_by_design','Annex III 1.1.9','Protection against corruption','Machinery shall be designed and constructed so that connection to it of another device does not lead to a hazardous situation, and that hardware/software transmitting safety signals are protected against corruption.','product_requirement',ARRAY['manufacturer']::text[],1,1) ON CONFLICT (regulation_key,ref_code) DO UPDATE SET theme_key=EXCLUDED.theme_key,title=EXCLUDED.title,description=EXCLUDED.description,obligation_type=EXCLUDED.obligation_type,applies_to=EXCLUDED.applies_to,mapping_count=EXCLUDED.mapping_count,sort_order=EXCLUDED.sort_order;
INSERT INTO conformity_requirements (regulation_key,theme_key,ref_code,title,description,obligation_type,applies_to,mapping_count,sort_order) VALUES ('cra','secure_by_design','Annex I(1)','Appropriate level of cybersecurity based on risk','Products with digital elements shall be designed, developed and produced to ensure an appropriate level of cybersecurity based on the risks.','product_requirement',ARRAY['manufacturer']::text[],5,1) ON CONFLICT (regulation_key,ref_code) DO UPDATE SET theme_key=EXCLUDED.theme_key,title=EXCLUDED.title,description=EXCLUDED.description,obligation_type=EXCLUDED.obligation_type,applies_to=EXCLUDED.applies_to,mapping_count=EXCLUDED.mapping_count,sort_order=EXCLUDED.sort_order;
INSERT INTO conformity_requirements (regulation_key,theme_key,ref_code,title,description,obligation_type,applies_to,mapping_count,sort_order) VALUES ('ai_act','data_governance','Art 10','Data and data governance','Training, validation and testing data sets shall be subject to data governance and management practices appropriate to the intended purpose.','process',ARRAY['provider']::text[],0,2) ON CONFLICT (regulation_key,ref_code) DO UPDATE SET theme_key=EXCLUDED.theme_key,title=EXCLUDED.title,description=EXCLUDED.description,obligation_type=EXCLUDED.obligation_type,applies_to=EXCLUDED.applies_to,mapping_count=EXCLUDED.mapping_count,sort_order=EXCLUDED.sort_order;
INSERT INTO conformity_requirements (regulation_key,theme_key,ref_code,title,description,obligation_type,applies_to,mapping_count,sort_order) VALUES ('iec_62443','sbom_supply_chain','4-1 SM-9','Third-party component management','Identify, assess and manage security risks of third-party and open-source components used in the product, maintaining a record of components.','process',ARRAY['supplier']::text[],1,2) ON CONFLICT (regulation_key,ref_code) DO UPDATE SET theme_key=EXCLUDED.theme_key,title=EXCLUDED.title,description=EXCLUDED.description,obligation_type=EXCLUDED.obligation_type,applies_to=EXCLUDED.applies_to,mapping_count=EXCLUDED.mapping_count,sort_order=EXCLUDED.sort_order;
INSERT INTO conformity_requirements (regulation_key,theme_key,ref_code,title,description,obligation_type,applies_to,mapping_count,sort_order) VALUES ('machinery','resilience','Annex III 1.2.1','Safety and reliability of control systems','Control systems shall be designed and constructed to prevent hazardous situations, withstanding intended operating stresses and external influences, including malicious attempts from third parties to create a hazardous situation.','product_requirement',ARRAY['manufacturer']::text[],1,2) ON CONFLICT (regulation_key,ref_code) DO UPDATE SET theme_key=EXCLUDED.theme_key,title=EXCLUDED.title,description=EXCLUDED.description,obligation_type=EXCLUDED.obligation_type,applies_to=EXCLUDED.applies_to,mapping_count=EXCLUDED.mapping_count,sort_order=EXCLUDED.sort_order;
INSERT INTO conformity_requirements (regulation_key,theme_key,ref_code,title,description,obligation_type,applies_to,mapping_count,sort_order) VALUES ('cra','vulnerability_handling','Annex I(2)(a)','No known exploitable vulnerabilities on release','Products shall be made available on the market without known exploitable vulnerabilities.','product_requirement',ARRAY['manufacturer']::text[],1,2) ON CONFLICT (regulation_key,ref_code) DO UPDATE SET theme_key=EXCLUDED.theme_key,title=EXCLUDED.title,description=EXCLUDED.description,obligation_type=EXCLUDED.obligation_type,applies_to=EXCLUDED.applies_to,mapping_count=EXCLUDED.mapping_count,sort_order=EXCLUDED.sort_order;
INSERT INTO conformity_requirements (regulation_key,theme_key,ref_code,title,description,obligation_type,applies_to,mapping_count,sort_order) VALUES ('nis2','risk_management','Art 21(2)(a)','Risk analysis and information system security policies','Entities shall adopt policies on risk analysis and information system security as the foundation of an all-hazards, risk-based approach to protecting network and information systems.','process',ARRAY['operator']::text[],2,2) ON CONFLICT (regulation_key,ref_code) DO UPDATE SET theme_key=EXCLUDED.theme_key,title=EXCLUDED.title,description=EXCLUDED.description,obligation_type=EXCLUDED.obligation_type,applies_to=EXCLUDED.applies_to,mapping_count=EXCLUDED.mapping_count,sort_order=EXCLUDED.sort_order;
INSERT INTO conformity_requirements (regulation_key,theme_key,ref_code,title,description,obligation_type,applies_to,mapping_count,sort_order) VALUES ('ai_act','technical_documentation','Art 11','Technical documentation (Annex IV)','Draw up technical documentation before the system is placed on the market and keep it up to date, demonstrating conformity as set out in Annex IV.','documentation',ARRAY['provider']::text[],1,3) ON CONFLICT (regulation_key,ref_code) DO UPDATE SET theme_key=EXCLUDED.theme_key,title=EXCLUDED.title,description=EXCLUDED.description,obligation_type=EXCLUDED.obligation_type,applies_to=EXCLUDED.applies_to,mapping_count=EXCLUDED.mapping_count,sort_order=EXCLUDED.sort_order;
INSERT INTO conformity_requirements (regulation_key,theme_key,ref_code,title,description,obligation_type,applies_to,mapping_count,sort_order) VALUES ('nis2','incident_reporting','Art 21(2)(b)','Incident handling','Entities shall implement incident-handling measures covering prevention, detection, analysis, containment, response and recovery.','process',ARRAY['operator']::text[],0,3) ON CONFLICT (regulation_key,ref_code) DO UPDATE SET theme_key=EXCLUDED.theme_key,title=EXCLUDED.title,description=EXCLUDED.description,obligation_type=EXCLUDED.obligation_type,applies_to=EXCLUDED.applies_to,mapping_count=EXCLUDED.mapping_count,sort_order=EXCLUDED.sort_order;
INSERT INTO conformity_requirements (regulation_key,theme_key,ref_code,title,description,obligation_type,applies_to,mapping_count,sort_order) VALUES ('iec_62443','secure_by_design','4-1 SR','Specification of security requirements','Document and maintain security requirements for the product, derived from its intended environment and threat model.','process',ARRAY['supplier']::text[],1,3) ON CONFLICT (regulation_key,ref_code) DO UPDATE SET theme_key=EXCLUDED.theme_key,title=EXCLUDED.title,description=EXCLUDED.description,obligation_type=EXCLUDED.obligation_type,applies_to=EXCLUDED.applies_to,mapping_count=EXCLUDED.mapping_count,sort_order=EXCLUDED.sort_order;
INSERT INTO conformity_requirements (regulation_key,theme_key,ref_code,title,description,obligation_type,applies_to,mapping_count,sort_order) VALUES ('cra','secure_by_design','Annex I(2)(b)','Secure by default configuration','Products shall be made available with a secure by default configuration, including the possibility to reset the product to its original state.','product_requirement',ARRAY['manufacturer']::text[],1,3) ON CONFLICT (regulation_key,ref_code) DO UPDATE SET theme_key=EXCLUDED.theme_key,title=EXCLUDED.title,description=EXCLUDED.description,obligation_type=EXCLUDED.obligation_type,applies_to=EXCLUDED.applies_to,mapping_count=EXCLUDED.mapping_count,sort_order=EXCLUDED.sort_order;
INSERT INTO conformity_requirements (regulation_key,theme_key,ref_code,title,description,obligation_type,applies_to,mapping_count,sort_order) VALUES ('machinery','access_control','Annex III 1.2.1(a)','Protection of safety-related control software','Safety-related control software and access to it shall be protected against unintended or intentional corruption and unauthorised modification.','product_requirement',ARRAY['manufacturer']::text[],1,3) ON CONFLICT (regulation_key,ref_code) DO UPDATE SET theme_key=EXCLUDED.theme_key,title=EXCLUDED.title,description=EXCLUDED.description,obligation_type=EXCLUDED.obligation_type,applies_to=EXCLUDED.applies_to,mapping_count=EXCLUDED.mapping_count,sort_order=EXCLUDED.sort_order;
INSERT INTO conformity_requirements (regulation_key,theme_key,ref_code,title,description,obligation_type,applies_to,mapping_count,sort_order) VALUES ('iec_62443','secure_by_design','4-1 SD','Secure by design','Apply secure design principles, including defence in depth and threat modelling, throughout product design.','process',ARRAY['supplier']::text[],2,4) ON CONFLICT (regulation_key,ref_code) DO UPDATE SET theme_key=EXCLUDED.theme_key,title=EXCLUDED.title,description=EXCLUDED.description,obligation_type=EXCLUDED.obligation_type,applies_to=EXCLUDED.applies_to,mapping_count=EXCLUDED.mapping_count,sort_order=EXCLUDED.sort_order;
INSERT INTO conformity_requirements (regulation_key,theme_key,ref_code,title,description,obligation_type,applies_to,mapping_count,sort_order) VALUES ('cra','secure_update','Annex I(2)(c)','Security updates','Ensure vulnerabilities can be addressed through security updates, including, where applicable, automatic updates and user notification.','product_requirement',ARRAY['manufacturer']::text[],2,4) ON CONFLICT (regulation_key,ref_code) DO UPDATE SET theme_key=EXCLUDED.theme_key,title=EXCLUDED.title,description=EXCLUDED.description,obligation_type=EXCLUDED.obligation_type,applies_to=EXCLUDED.applies_to,mapping_count=EXCLUDED.mapping_count,sort_order=EXCLUDED.sort_order;
INSERT INTO conformity_requirements (regulation_key,theme_key,ref_code,title,description,obligation_type,applies_to,mapping_count,sort_order) VALUES ('ai_act','logging_monitoring','Art 12','Record-keeping and logging','High-risk AI systems shall technically allow for the automatic recording of events (logs) over the lifetime of the system.','product_requirement',ARRAY['provider']::text[],1,4) ON CONFLICT (regulation_key,ref_code) DO UPDATE SET theme_key=EXCLUDED.theme_key,title=EXCLUDED.title,description=EXCLUDED.description,obligation_type=EXCLUDED.obligation_type,applies_to=EXCLUDED.applies_to,mapping_count=EXCLUDED.mapping_count,sort_order=EXCLUDED.sort_order;
INSERT INTO conformity_requirements (regulation_key,theme_key,ref_code,title,description,obligation_type,applies_to,mapping_count,sort_order) VALUES ('nis2','resilience','Art 21(2)(c)','Business continuity and crisis management','Entities shall ensure business continuity through backup management, disaster recovery, and crisis-management arrangements.','process',ARRAY['operator']::text[],1,4) ON CONFLICT (regulation_key,ref_code) DO UPDATE SET theme_key=EXCLUDED.theme_key,title=EXCLUDED.title,description=EXCLUDED.description,obligation_type=EXCLUDED.obligation_type,applies_to=EXCLUDED.applies_to,mapping_count=EXCLUDED.mapping_count,sort_order=EXCLUDED.sort_order;
INSERT INTO conformity_requirements (regulation_key,theme_key,ref_code,title,description,obligation_type,applies_to,mapping_count,sort_order) VALUES ('machinery','logging_monitoring','Annex III 1.2.1(b)','Recording of intervention data','Evidence of intervention and of a fault, where it affects safety functions, shall be recorded to support fault detection and traceability.','product_requirement',ARRAY['manufacturer']::text[],1,4) ON CONFLICT (regulation_key,ref_code) DO UPDATE SET theme_key=EXCLUDED.theme_key,title=EXCLUDED.title,description=EXCLUDED.description,obligation_type=EXCLUDED.obligation_type,applies_to=EXCLUDED.applies_to,mapping_count=EXCLUDED.mapping_count,sort_order=EXCLUDED.sort_order;
INSERT INTO conformity_requirements (regulation_key,theme_key,ref_code,title,description,obligation_type,applies_to,mapping_count,sort_order) VALUES ('iec_62443','vulnerability_handling','4-1 SVV','Security verification and validation','Perform security verification and validation testing, including threat mitigation, vulnerability and penetration testing, before release.','process',ARRAY['supplier']::text[],2,5) ON CONFLICT (regulation_key,ref_code) DO UPDATE SET theme_key=EXCLUDED.theme_key,title=EXCLUDED.title,description=EXCLUDED.description,obligation_type=EXCLUDED.obligation_type,applies_to=EXCLUDED.applies_to,mapping_count=EXCLUDED.mapping_count,sort_order=EXCLUDED.sort_order;
INSERT INTO conformity_requirements (regulation_key,theme_key,ref_code,title,description,obligation_type,applies_to,mapping_count,sort_order) VALUES ('cra','access_control','Annex I(2)(d)','Protection from unauthorised access','Protect against unauthorised access by appropriate control mechanisms, including authentication, identity and access management systems.','product_requirement',ARRAY['manufacturer']::text[],5,5) ON CONFLICT (regulation_key,ref_code) DO UPDATE SET theme_key=EXCLUDED.theme_key,title=EXCLUDED.title,description=EXCLUDED.description,obligation_type=EXCLUDED.obligation_type,applies_to=EXCLUDED.applies_to,mapping_count=EXCLUDED.mapping_count,sort_order=EXCLUDED.sort_order;
INSERT INTO conformity_requirements (regulation_key,theme_key,ref_code,title,description,obligation_type,applies_to,mapping_count,sort_order) VALUES ('nis2','sbom_supply_chain','Art 21(2)(d)','Supply chain security','Entities shall address security in their supply chain, including security-related aspects of the relationships between each entity and its direct suppliers or service providers.','process',ARRAY['operator']::text[],1,5) ON CONFLICT (regulation_key,ref_code) DO UPDATE SET theme_key=EXCLUDED.theme_key,title=EXCLUDED.title,description=EXCLUDED.description,obligation_type=EXCLUDED.obligation_type,applies_to=EXCLUDED.applies_to,mapping_count=EXCLUDED.mapping_count,sort_order=EXCLUDED.sort_order;
INSERT INTO conformity_requirements (regulation_key,theme_key,ref_code,title,description,obligation_type,applies_to,mapping_count,sort_order) VALUES ('ai_act','human_oversight','Art 13','Transparency and information to deployers','Design and develop systems so that operation is sufficiently transparent to enable deployers to interpret output and use it appropriately; provide instructions for use.','documentation',ARRAY['provider']::text[],0,5) ON CONFLICT (regulation_key,ref_code) DO UPDATE SET theme_key=EXCLUDED.theme_key,title=EXCLUDED.title,description=EXCLUDED.description,obligation_type=EXCLUDED.obligation_type,applies_to=EXCLUDED.applies_to,mapping_count=EXCLUDED.mapping_count,sort_order=EXCLUDED.sort_order;
INSERT INTO conformity_requirements (regulation_key,theme_key,ref_code,title,description,obligation_type,applies_to,mapping_count,sort_order) VALUES ('machinery','secure_update','Annex III 1.2.1(c)','Software updates preserving safety','Modifications to safety-related software, including updates, shall not compromise the safety of the machinery.','product_requirement',ARRAY['manufacturer']::text[],1,5) ON CONFLICT (regulation_key,ref_code) DO UPDATE SET theme_key=EXCLUDED.theme_key,title=EXCLUDED.title,description=EXCLUDED.description,obligation_type=EXCLUDED.obligation_type,applies_to=EXCLUDED.applies_to,mapping_count=EXCLUDED.mapping_count,sort_order=EXCLUDED.sort_order;
INSERT INTO conformity_requirements (regulation_key,theme_key,ref_code,title,description,obligation_type,applies_to,mapping_count,sort_order) VALUES ('iec_62443','vulnerability_handling','4-1 DM','Management of security-related issues','Establish a process to receive, track, assess and remediate security-related issues (defects and vulnerabilities) in the product.','process',ARRAY['supplier']::text[],2,6) ON CONFLICT (regulation_key,ref_code) DO UPDATE SET theme_key=EXCLUDED.theme_key,title=EXCLUDED.title,description=EXCLUDED.description,obligation_type=EXCLUDED.obligation_type,applies_to=EXCLUDED.applies_to,mapping_count=EXCLUDED.mapping_count,sort_order=EXCLUDED.sort_order;
INSERT INTO conformity_requirements (regulation_key,theme_key,ref_code,title,description,obligation_type,applies_to,mapping_count,sort_order) VALUES ('ai_act','human_oversight','Art 14','Human oversight','Design and develop high-risk AI systems so that they can be effectively overseen by natural persons during the period in which they are in use.','product_requirement',ARRAY['provider']::text[],0,6) ON CONFLICT (regulation_key,ref_code) DO UPDATE SET theme_key=EXCLUDED.theme_key,title=EXCLUDED.title,description=EXCLUDED.description,obligation_type=EXCLUDED.obligation_type,applies_to=EXCLUDED.applies_to,mapping_count=EXCLUDED.mapping_count,sort_order=EXCLUDED.sort_order;
INSERT INTO conformity_requirements (regulation_key,theme_key,ref_code,title,description,obligation_type,applies_to,mapping_count,sort_order) VALUES ('cra','data_protection','Annex I(2)(e)','Confidentiality of data','Protect the confidentiality of stored, transmitted or processed data, by encrypting relevant data at rest or in transit by state-of-the-art mechanisms.','product_requirement',ARRAY['manufacturer']::text[],3,6) ON CONFLICT (regulation_key,ref_code) DO UPDATE SET theme_key=EXCLUDED.theme_key,title=EXCLUDED.title,description=EXCLUDED.description,obligation_type=EXCLUDED.obligation_type,applies_to=EXCLUDED.applies_to,mapping_count=EXCLUDED.mapping_count,sort_order=EXCLUDED.sort_order;
INSERT INTO conformity_requirements (regulation_key,theme_key,ref_code,title,description,obligation_type,applies_to,mapping_count,sort_order) VALUES ('nis2','vulnerability_handling','Art 21(2)(e)','Security in acquisition, development and maintenance','Entities shall ensure security in the acquisition, development and maintenance of network and information systems, including vulnerability handling and disclosure.','process',ARRAY['operator']::text[],3,6) ON CONFLICT (regulation_key,ref_code) DO UPDATE SET theme_key=EXCLUDED.theme_key,title=EXCLUDED.title,description=EXCLUDED.description,obligation_type=EXCLUDED.obligation_type,applies_to=EXCLUDED.applies_to,mapping_count=EXCLUDED.mapping_count,sort_order=EXCLUDED.sort_order;
INSERT INTO conformity_requirements (regulation_key,theme_key,ref_code,title,description,obligation_type,applies_to,mapping_count,sort_order) VALUES ('machinery','risk_management','Annex III (general)','Risk assessment','The manufacturer shall carry out a risk assessment to determine the health and safety requirements that apply, and design and construct the machinery taking its results into account.','process',ARRAY['manufacturer']::text[],1,6) ON CONFLICT (regulation_key,ref_code) DO UPDATE SET theme_key=EXCLUDED.theme_key,title=EXCLUDED.title,description=EXCLUDED.description,obligation_type=EXCLUDED.obligation_type,applies_to=EXCLUDED.applies_to,mapping_count=EXCLUDED.mapping_count,sort_order=EXCLUDED.sort_order;
INSERT INTO conformity_requirements (regulation_key,theme_key,ref_code,title,description,obligation_type,applies_to,mapping_count,sort_order) VALUES ('ai_act','resilience','Art 15','Accuracy, robustness and cybersecurity','Design and develop systems to achieve appropriate levels of accuracy, robustness and cybersecurity, performing consistently throughout their lifecycle.','product_requirement',ARRAY['provider']::text[],2,7) ON CONFLICT (regulation_key,ref_code) DO UPDATE SET theme_key=EXCLUDED.theme_key,title=EXCLUDED.title,description=EXCLUDED.description,obligation_type=EXCLUDED.obligation_type,applies_to=EXCLUDED.applies_to,mapping_count=EXCLUDED.mapping_count,sort_order=EXCLUDED.sort_order;
INSERT INTO conformity_requirements (regulation_key,theme_key,ref_code,title,description,obligation_type,applies_to,mapping_count,sort_order) VALUES ('nis2','risk_management','Art 21(2)(f)','Assessing effectiveness of measures','Entities shall adopt policies and procedures to assess the effectiveness of the cybersecurity risk-management measures they have put in place.','process',ARRAY['operator']::text[],0,7) ON CONFLICT (regulation_key,ref_code) DO UPDATE SET theme_key=EXCLUDED.theme_key,title=EXCLUDED.title,description=EXCLUDED.description,obligation_type=EXCLUDED.obligation_type,applies_to=EXCLUDED.applies_to,mapping_count=EXCLUDED.mapping_count,sort_order=EXCLUDED.sort_order;
INSERT INTO conformity_requirements (regulation_key,theme_key,ref_code,title,description,obligation_type,applies_to,mapping_count,sort_order) VALUES ('machinery','technical_documentation','Annex IV','Technical file','Compile a technical file demonstrating that the machinery complies with the applicable essential health and safety requirements.','documentation',ARRAY['manufacturer']::text[],1,7) ON CONFLICT (regulation_key,ref_code) DO UPDATE SET theme_key=EXCLUDED.theme_key,title=EXCLUDED.title,description=EXCLUDED.description,obligation_type=EXCLUDED.obligation_type,applies_to=EXCLUDED.applies_to,mapping_count=EXCLUDED.mapping_count,sort_order=EXCLUDED.sort_order;
INSERT INTO conformity_requirements (regulation_key,theme_key,ref_code,title,description,obligation_type,applies_to,mapping_count,sort_order) VALUES ('cra','data_protection','Annex I(2)(f)','Integrity of data and configuration','Protect the integrity of stored, transmitted or processed data, commands, programs and configuration against unauthorised manipulation.','product_requirement',ARRAY['manufacturer']::text[],1,7) ON CONFLICT (regulation_key,ref_code) DO UPDATE SET theme_key=EXCLUDED.theme_key,title=EXCLUDED.title,description=EXCLUDED.description,obligation_type=EXCLUDED.obligation_type,applies_to=EXCLUDED.applies_to,mapping_count=EXCLUDED.mapping_count,sort_order=EXCLUDED.sort_order;
INSERT INTO conformity_requirements (regulation_key,theme_key,ref_code,title,description,obligation_type,applies_to,mapping_count,sort_order) VALUES ('iec_62443','secure_update','4-1 SUM','Security update management','Establish a process to develop, test, qualify and securely deliver security updates to product users in a timely manner.','process',ARRAY['supplier']::text[],2,7) ON CONFLICT (regulation_key,ref_code) DO UPDATE SET theme_key=EXCLUDED.theme_key,title=EXCLUDED.title,description=EXCLUDED.description,obligation_type=EXCLUDED.obligation_type,applies_to=EXCLUDED.applies_to,mapping_count=EXCLUDED.mapping_count,sort_order=EXCLUDED.sort_order;
INSERT INTO conformity_requirements (regulation_key,theme_key,ref_code,title,description,obligation_type,applies_to,mapping_count,sort_order) VALUES ('iec_62443','technical_documentation','4-1 SG','Security guidelines','Provide documentation (security guidelines) enabling the secure integration, configuration, operation, maintenance and decommissioning of the product.','documentation',ARRAY['supplier']::text[],1,8) ON CONFLICT (regulation_key,ref_code) DO UPDATE SET theme_key=EXCLUDED.theme_key,title=EXCLUDED.title,description=EXCLUDED.description,obligation_type=EXCLUDED.obligation_type,applies_to=EXCLUDED.applies_to,mapping_count=EXCLUDED.mapping_count,sort_order=EXCLUDED.sort_order;
INSERT INTO conformity_requirements (regulation_key,theme_key,ref_code,title,description,obligation_type,applies_to,mapping_count,sort_order) VALUES ('machinery','conformity_declaration','Annex II','EU Declaration of Conformity','Draw up the EU declaration of conformity and affix the CE marking before placing the machinery on the market.','documentation',ARRAY['manufacturer']::text[],1,8) ON CONFLICT (regulation_key,ref_code) DO UPDATE SET theme_key=EXCLUDED.theme_key,title=EXCLUDED.title,description=EXCLUDED.description,obligation_type=EXCLUDED.obligation_type,applies_to=EXCLUDED.applies_to,mapping_count=EXCLUDED.mapping_count,sort_order=EXCLUDED.sort_order;
INSERT INTO conformity_requirements (regulation_key,theme_key,ref_code,title,description,obligation_type,applies_to,mapping_count,sort_order) VALUES ('cra','resilience','Annex I(2)(h)','Availability of essential functions','Protect the availability of essential and basic functions, including resilience against and mitigation of denial-of-service attacks.','product_requirement',ARRAY['manufacturer']::text[],5,8) ON CONFLICT (regulation_key,ref_code) DO UPDATE SET theme_key=EXCLUDED.theme_key,title=EXCLUDED.title,description=EXCLUDED.description,obligation_type=EXCLUDED.obligation_type,applies_to=EXCLUDED.applies_to,mapping_count=EXCLUDED.mapping_count,sort_order=EXCLUDED.sort_order;
INSERT INTO conformity_requirements (regulation_key,theme_key,ref_code,title,description,obligation_type,applies_to,mapping_count,sort_order) VALUES ('ai_act','resilience','Art 15(5)','Resilience against manipulation','High-risk AI systems shall be resilient against attempts to alter their use, outputs or performance by exploiting vulnerabilities, including data poisoning and adversarial examples.','product_requirement',ARRAY['provider']::text[],1,8) ON CONFLICT (regulation_key,ref_code) DO UPDATE SET theme_key=EXCLUDED.theme_key,title=EXCLUDED.title,description=EXCLUDED.description,obligation_type=EXCLUDED.obligation_type,applies_to=EXCLUDED.applies_to,mapping_count=EXCLUDED.mapping_count,sort_order=EXCLUDED.sort_order;
INSERT INTO conformity_requirements (regulation_key,theme_key,ref_code,title,description,obligation_type,applies_to,mapping_count,sort_order) VALUES ('nis2','risk_management','Art 21(2)(g)','Basic cyber hygiene and training','Entities shall apply basic cyber-hygiene practices and provide cybersecurity training to staff.','process',ARRAY['operator']::text[],0,8) ON CONFLICT (regulation_key,ref_code) DO UPDATE SET theme_key=EXCLUDED.theme_key,title=EXCLUDED.title,description=EXCLUDED.description,obligation_type=EXCLUDED.obligation_type,applies_to=EXCLUDED.applies_to,mapping_count=EXCLUDED.mapping_count,sort_order=EXCLUDED.sort_order;
INSERT INTO conformity_requirements (regulation_key,theme_key,ref_code,title,description,obligation_type,applies_to,mapping_count,sort_order) VALUES ('iec_62443','access_control','4-2 FR1','Identification and authentication control','Identify and authenticate all users (humans, software processes and devices) before allowing access to the component.','product_requirement',ARRAY['supplier']::text[],2,9) ON CONFLICT (regulation_key,ref_code) DO UPDATE SET theme_key=EXCLUDED.theme_key,title=EXCLUDED.title,description=EXCLUDED.description,obligation_type=EXCLUDED.obligation_type,applies_to=EXCLUDED.applies_to,mapping_count=EXCLUDED.mapping_count,sort_order=EXCLUDED.sort_order;
INSERT INTO conformity_requirements (regulation_key,theme_key,ref_code,title,description,obligation_type,applies_to,mapping_count,sort_order) VALUES ('ai_act','risk_management','Art 17','Quality management system','Providers shall put in place a quality management system that ensures compliance with the Regulation, documented in a systematic and orderly manner.','governance',ARRAY['provider']::text[],1,9) ON CONFLICT (regulation_key,ref_code) DO UPDATE SET theme_key=EXCLUDED.theme_key,title=EXCLUDED.title,description=EXCLUDED.description,obligation_type=EXCLUDED.obligation_type,applies_to=EXCLUDED.applies_to,mapping_count=EXCLUDED.mapping_count,sort_order=EXCLUDED.sort_order;
INSERT INTO conformity_requirements (regulation_key,theme_key,ref_code,title,description,obligation_type,applies_to,mapping_count,sort_order) VALUES ('nis2','data_protection','Art 21(2)(h)','Cryptography and encryption','Entities shall adopt policies and procedures on the use of cryptography and, where appropriate, encryption.','product_requirement',ARRAY['operator']::text[],2,9) ON CONFLICT (regulation_key,ref_code) DO UPDATE SET theme_key=EXCLUDED.theme_key,title=EXCLUDED.title,description=EXCLUDED.description,obligation_type=EXCLUDED.obligation_type,applies_to=EXCLUDED.applies_to,mapping_count=EXCLUDED.mapping_count,sort_order=EXCLUDED.sort_order;
INSERT INTO conformity_requirements (regulation_key,theme_key,ref_code,title,description,obligation_type,applies_to,mapping_count,sort_order) VALUES ('cra','logging_monitoring','Annex I(2)(l)','Security-relevant logging','Provide security-related information by recording and monitoring relevant internal activity, including access to or modification of data, services or functions.','product_requirement',ARRAY['manufacturer']::text[],4,9) ON CONFLICT (regulation_key,ref_code) DO UPDATE SET theme_key=EXCLUDED.theme_key,title=EXCLUDED.title,description=EXCLUDED.description,obligation_type=EXCLUDED.obligation_type,applies_to=EXCLUDED.applies_to,mapping_count=EXCLUDED.mapping_count,sort_order=EXCLUDED.sort_order;
INSERT INTO conformity_requirements (regulation_key,theme_key,ref_code,title,description,obligation_type,applies_to,mapping_count,sort_order) VALUES ('cra','sbom_supply_chain','Annex I Part II(1)','Identify and document components (SBOM)','Identify and document vulnerabilities and components, including by drawing up a software bill of materials in a commonly used machine-readable format.','process',ARRAY['manufacturer']::text[],2,10) ON CONFLICT (regulation_key,ref_code) DO UPDATE SET theme_key=EXCLUDED.theme_key,title=EXCLUDED.title,description=EXCLUDED.description,obligation_type=EXCLUDED.obligation_type,applies_to=EXCLUDED.applies_to,mapping_count=EXCLUDED.mapping_count,sort_order=EXCLUDED.sort_order;
INSERT INTO conformity_requirements (regulation_key,theme_key,ref_code,title,description,obligation_type,applies_to,mapping_count,sort_order) VALUES ('ai_act','conformity_declaration','Art 47','EU declaration of conformity','Draw up a written EU declaration of conformity for each high-risk AI system and keep it for ten years after placing on the market.','documentation',ARRAY['provider']::text[],1,10) ON CONFLICT (regulation_key,ref_code) DO UPDATE SET theme_key=EXCLUDED.theme_key,title=EXCLUDED.title,description=EXCLUDED.description,obligation_type=EXCLUDED.obligation_type,applies_to=EXCLUDED.applies_to,mapping_count=EXCLUDED.mapping_count,sort_order=EXCLUDED.sort_order;
INSERT INTO conformity_requirements (regulation_key,theme_key,ref_code,title,description,obligation_type,applies_to,mapping_count,sort_order) VALUES ('iec_62443','access_control','4-2 FR2','Use control','Enforce assigned privileges to restrict use of the component to authorised actions (authorization).','product_requirement',ARRAY['supplier']::text[],2,10) ON CONFLICT (regulation_key,ref_code) DO UPDATE SET theme_key=EXCLUDED.theme_key,title=EXCLUDED.title,description=EXCLUDED.description,obligation_type=EXCLUDED.obligation_type,applies_to=EXCLUDED.applies_to,mapping_count=EXCLUDED.mapping_count,sort_order=EXCLUDED.sort_order;
INSERT INTO conformity_requirements (regulation_key,theme_key,ref_code,title,description,obligation_type,applies_to,mapping_count,sort_order) VALUES ('nis2','access_control','Art 21(2)(i)','Access control and asset management','Entities shall implement human-resources security, access-control policies and asset management appropriate to the risk.','process',ARRAY['operator']::text[],2,10) ON CONFLICT (regulation_key,ref_code) DO UPDATE SET theme_key=EXCLUDED.theme_key,title=EXCLUDED.title,description=EXCLUDED.description,obligation_type=EXCLUDED.obligation_type,applies_to=EXCLUDED.applies_to,mapping_count=EXCLUDED.mapping_count,sort_order=EXCLUDED.sort_order;
INSERT INTO conformity_requirements (regulation_key,theme_key,ref_code,title,description,obligation_type,applies_to,mapping_count,sort_order) VALUES ('nis2','access_control','Art 21(2)(j)','Multi-factor authentication and secured communications','Entities shall use multi-factor or continuous authentication, secured voice/video/text communications, and secured emergency communication systems where appropriate.','product_requirement',ARRAY['operator']::text[],1,11) ON CONFLICT (regulation_key,ref_code) DO UPDATE SET theme_key=EXCLUDED.theme_key,title=EXCLUDED.title,description=EXCLUDED.description,obligation_type=EXCLUDED.obligation_type,applies_to=EXCLUDED.applies_to,mapping_count=EXCLUDED.mapping_count,sort_order=EXCLUDED.sort_order;
INSERT INTO conformity_requirements (regulation_key,theme_key,ref_code,title,description,obligation_type,applies_to,mapping_count,sort_order) VALUES ('iec_62443','data_protection','4-2 FR3','System integrity','Protect the integrity of the component against unauthorised manipulation, including of firmware, software and information.','product_requirement',ARRAY['supplier']::text[],3,11) ON CONFLICT (regulation_key,ref_code) DO UPDATE SET theme_key=EXCLUDED.theme_key,title=EXCLUDED.title,description=EXCLUDED.description,obligation_type=EXCLUDED.obligation_type,applies_to=EXCLUDED.applies_to,mapping_count=EXCLUDED.mapping_count,sort_order=EXCLUDED.sort_order;
INSERT INTO conformity_requirements (regulation_key,theme_key,ref_code,title,description,obligation_type,applies_to,mapping_count,sort_order) VALUES ('cra','vulnerability_handling','Annex I Part II(2)','Address vulnerabilities without delay','In relation to the risks, address and remediate vulnerabilities without delay, including by providing security updates.','process',ARRAY['manufacturer']::text[],1,11) ON CONFLICT (regulation_key,ref_code) DO UPDATE SET theme_key=EXCLUDED.theme_key,title=EXCLUDED.title,description=EXCLUDED.description,obligation_type=EXCLUDED.obligation_type,applies_to=EXCLUDED.applies_to,mapping_count=EXCLUDED.mapping_count,sort_order=EXCLUDED.sort_order;
INSERT INTO conformity_requirements (regulation_key,theme_key,ref_code,title,description,obligation_type,applies_to,mapping_count,sort_order) VALUES ('ai_act','post_market','Art 72','Post-market monitoring','Establish and document a post-market monitoring system that actively collects and reviews experience gained from the use of high-risk AI systems.','process',ARRAY['provider']::text[],1,11) ON CONFLICT (regulation_key,ref_code) DO UPDATE SET theme_key=EXCLUDED.theme_key,title=EXCLUDED.title,description=EXCLUDED.description,obligation_type=EXCLUDED.obligation_type,applies_to=EXCLUDED.applies_to,mapping_count=EXCLUDED.mapping_count,sort_order=EXCLUDED.sort_order;
INSERT INTO conformity_requirements (regulation_key,theme_key,ref_code,title,description,obligation_type,applies_to,mapping_count,sort_order) VALUES ('iec_62443','data_protection','4-2 FR4','Data confidentiality','Protect the confidentiality of information at rest and in transit, including through cryptographic protection.','product_requirement',ARRAY['supplier']::text[],2,12) ON CONFLICT (regulation_key,ref_code) DO UPDATE SET theme_key=EXCLUDED.theme_key,title=EXCLUDED.title,description=EXCLUDED.description,obligation_type=EXCLUDED.obligation_type,applies_to=EXCLUDED.applies_to,mapping_count=EXCLUDED.mapping_count,sort_order=EXCLUDED.sort_order;
INSERT INTO conformity_requirements (regulation_key,theme_key,ref_code,title,description,obligation_type,applies_to,mapping_count,sort_order) VALUES ('nis2','incident_reporting','Art 23','Incident reporting obligations','Entities shall notify significant incidents to the CSIRT or competent authority: an early warning within 24 hours, an incident notification within 72 hours, and a final report within one month.','reporting',ARRAY['operator']::text[],2,12) ON CONFLICT (regulation_key,ref_code) DO UPDATE SET theme_key=EXCLUDED.theme_key,title=EXCLUDED.title,description=EXCLUDED.description,obligation_type=EXCLUDED.obligation_type,applies_to=EXCLUDED.applies_to,mapping_count=EXCLUDED.mapping_count,sort_order=EXCLUDED.sort_order;
INSERT INTO conformity_requirements (regulation_key,theme_key,ref_code,title,description,obligation_type,applies_to,mapping_count,sort_order) VALUES ('ai_act','incident_reporting','Art 73','Reporting of serious incidents','Report any serious incident to the market surveillance authorities of the Member States concerned, within the deadlines set out in the Regulation.','reporting',ARRAY['provider']::text[],2,12) ON CONFLICT (regulation_key,ref_code) DO UPDATE SET theme_key=EXCLUDED.theme_key,title=EXCLUDED.title,description=EXCLUDED.description,obligation_type=EXCLUDED.obligation_type,applies_to=EXCLUDED.applies_to,mapping_count=EXCLUDED.mapping_count,sort_order=EXCLUDED.sort_order;
INSERT INTO conformity_requirements (regulation_key,theme_key,ref_code,title,description,obligation_type,applies_to,mapping_count,sort_order) VALUES ('cra','vulnerability_handling','Annex I Part II(3)','Regular security testing','Apply effective and regular tests and reviews of the security of the product with digital elements.','process',ARRAY['manufacturer']::text[],2,12) ON CONFLICT (regulation_key,ref_code) DO UPDATE SET theme_key=EXCLUDED.theme_key,title=EXCLUDED.title,description=EXCLUDED.description,obligation_type=EXCLUDED.obligation_type,applies_to=EXCLUDED.applies_to,mapping_count=EXCLUDED.mapping_count,sort_order=EXCLUDED.sort_order;
INSERT INTO conformity_requirements (regulation_key,theme_key,ref_code,title,description,obligation_type,applies_to,mapping_count,sort_order) VALUES ('cra','vulnerability_handling','Annex I Part II(5)','Coordinated vulnerability disclosure','Put in place and enforce a policy on coordinated vulnerability disclosure.','process',ARRAY['manufacturer']::text[],1,13) ON CONFLICT (regulation_key,ref_code) DO UPDATE SET theme_key=EXCLUDED.theme_key,title=EXCLUDED.title,description=EXCLUDED.description,obligation_type=EXCLUDED.obligation_type,applies_to=EXCLUDED.applies_to,mapping_count=EXCLUDED.mapping_count,sort_order=EXCLUDED.sort_order;
INSERT INTO conformity_requirements (regulation_key,theme_key,ref_code,title,description,obligation_type,applies_to,mapping_count,sort_order) VALUES ('iec_62443','logging_monitoring','4-2 FR6','Timely response to events','Provide audit logging and the capability to respond to security violations by notifying the proper authority and reporting evidence.','product_requirement',ARRAY['supplier']::text[],2,13) ON CONFLICT (regulation_key,ref_code) DO UPDATE SET theme_key=EXCLUDED.theme_key,title=EXCLUDED.title,description=EXCLUDED.description,obligation_type=EXCLUDED.obligation_type,applies_to=EXCLUDED.applies_to,mapping_count=EXCLUDED.mapping_count,sort_order=EXCLUDED.sort_order;
INSERT INTO conformity_requirements (regulation_key,theme_key,ref_code,title,description,obligation_type,applies_to,mapping_count,sort_order) VALUES ('iec_62443','resilience','4-2 FR7','Resource availability','Ensure availability of the component against the degradation or denial of essential services, including under denial-of-service conditions.','product_requirement',ARRAY['supplier']::text[],2,14) ON CONFLICT (regulation_key,ref_code) DO UPDATE SET theme_key=EXCLUDED.theme_key,title=EXCLUDED.title,description=EXCLUDED.description,obligation_type=EXCLUDED.obligation_type,applies_to=EXCLUDED.applies_to,mapping_count=EXCLUDED.mapping_count,sort_order=EXCLUDED.sort_order;
INSERT INTO conformity_requirements (regulation_key,theme_key,ref_code,title,description,obligation_type,applies_to,mapping_count,sort_order) VALUES ('cra','secure_update','Annex I Part II(7)','Secure distribution of updates','Ensure that mechanisms to securely distribute updates are in place to disseminate patches or updates in a timely manner.','process',ARRAY['manufacturer']::text[],1,14) ON CONFLICT (regulation_key,ref_code) DO UPDATE SET theme_key=EXCLUDED.theme_key,title=EXCLUDED.title,description=EXCLUDED.description,obligation_type=EXCLUDED.obligation_type,applies_to=EXCLUDED.applies_to,mapping_count=EXCLUDED.mapping_count,sort_order=EXCLUDED.sort_order;
INSERT INTO conformity_requirements (regulation_key,theme_key,ref_code,title,description,obligation_type,applies_to,mapping_count,sort_order) VALUES ('iec_62443','access_control','3-3 SR 1.1','Human user identification and authentication','The control system shall identify and authenticate all human users, and enforce authentication on all interfaces, before allowing access to the system.','product_requirement',ARRAY['integrator']::text[],3,15) ON CONFLICT (regulation_key,ref_code) DO UPDATE SET theme_key=EXCLUDED.theme_key,title=EXCLUDED.title,description=EXCLUDED.description,obligation_type=EXCLUDED.obligation_type,applies_to=EXCLUDED.applies_to,mapping_count=EXCLUDED.mapping_count,sort_order=EXCLUDED.sort_order;
INSERT INTO conformity_requirements (regulation_key,theme_key,ref_code,title,description,obligation_type,applies_to,mapping_count,sort_order) VALUES ('cra','risk_management','Art 13','Cybersecurity risk assessment','Undertake an assessment of the cybersecurity risks associated with the product and take the outcome into account during planning, design, development, production, delivery and maintenance.','process',ARRAY['manufacturer']::text[],3,15) ON CONFLICT (regulation_key,ref_code) DO UPDATE SET theme_key=EXCLUDED.theme_key,title=EXCLUDED.title,description=EXCLUDED.description,obligation_type=EXCLUDED.obligation_type,applies_to=EXCLUDED.applies_to,mapping_count=EXCLUDED.mapping_count,sort_order=EXCLUDED.sort_order;
INSERT INTO conformity_requirements (regulation_key,theme_key,ref_code,title,description,obligation_type,applies_to,mapping_count,sort_order) VALUES ('cra','technical_documentation','Annex VII','Technical documentation','Draw up technical documentation containing all relevant data and details of the means used to ensure conformity, kept for at least ten years.','documentation',ARRAY['manufacturer']::text[],3,16) ON CONFLICT (regulation_key,ref_code) DO UPDATE SET theme_key=EXCLUDED.theme_key,title=EXCLUDED.title,description=EXCLUDED.description,obligation_type=EXCLUDED.obligation_type,applies_to=EXCLUDED.applies_to,mapping_count=EXCLUDED.mapping_count,sort_order=EXCLUDED.sort_order;
INSERT INTO conformity_requirements (regulation_key,theme_key,ref_code,title,description,obligation_type,applies_to,mapping_count,sort_order) VALUES ('iec_62443','access_control','3-3 SR 1.2','Software process and device identification','The control system shall identify and authenticate all software processes and devices before allowing them to access the system.','product_requirement',ARRAY['integrator']::text[],0,16) ON CONFLICT (regulation_key,ref_code) DO UPDATE SET theme_key=EXCLUDED.theme_key,title=EXCLUDED.title,description=EXCLUDED.description,obligation_type=EXCLUDED.obligation_type,applies_to=EXCLUDED.applies_to,mapping_count=EXCLUDED.mapping_count,sort_order=EXCLUDED.sort_order;
INSERT INTO conformity_requirements (regulation_key,theme_key,ref_code,title,description,obligation_type,applies_to,mapping_count,sort_order) VALUES ('iec_62443','access_control','3-3 SR 2.1','Authorization enforcement','The control system shall enforce authorizations assigned to all users and processes, restricting access to the minimum necessary for the assigned role (least privilege).','product_requirement',ARRAY['integrator']::text[],2,17) ON CONFLICT (regulation_key,ref_code) DO UPDATE SET theme_key=EXCLUDED.theme_key,title=EXCLUDED.title,description=EXCLUDED.description,obligation_type=EXCLUDED.obligation_type,applies_to=EXCLUDED.applies_to,mapping_count=EXCLUDED.mapping_count,sort_order=EXCLUDED.sort_order;
INSERT INTO conformity_requirements (regulation_key,theme_key,ref_code,title,description,obligation_type,applies_to,mapping_count,sort_order) VALUES ('cra','incident_reporting','Art 14','Report exploited vulnerabilities and severe incidents','Notify an actively exploited vulnerability or a severe incident: an early warning within 24 hours and a notification within 72 hours to the CSIRT and ENISA.','reporting',ARRAY['manufacturer']::text[],2,17) ON CONFLICT (regulation_key,ref_code) DO UPDATE SET theme_key=EXCLUDED.theme_key,title=EXCLUDED.title,description=EXCLUDED.description,obligation_type=EXCLUDED.obligation_type,applies_to=EXCLUDED.applies_to,mapping_count=EXCLUDED.mapping_count,sort_order=EXCLUDED.sort_order;
INSERT INTO conformity_requirements (regulation_key,theme_key,ref_code,title,description,obligation_type,applies_to,mapping_count,sort_order) VALUES ('cra','conformity_declaration','Annex V','EU Declaration of Conformity','Draw up an EU declaration of conformity stating that the essential requirements have been fulfilled, and affix the CE marking.','documentation',ARRAY['manufacturer']::text[],2,18) ON CONFLICT (regulation_key,ref_code) DO UPDATE SET theme_key=EXCLUDED.theme_key,title=EXCLUDED.title,description=EXCLUDED.description,obligation_type=EXCLUDED.obligation_type,applies_to=EXCLUDED.applies_to,mapping_count=EXCLUDED.mapping_count,sort_order=EXCLUDED.sort_order;
INSERT INTO conformity_requirements (regulation_key,theme_key,ref_code,title,description,obligation_type,applies_to,mapping_count,sort_order) VALUES ('iec_62443','access_control','3-3 SR 2.5','Session lock and termination','The control system shall lock or terminate a session after a configurable period of inactivity or on demand, preventing further access until re-authentication.','product_requirement',ARRAY['integrator']::text[],0,18) ON CONFLICT (regulation_key,ref_code) DO UPDATE SET theme_key=EXCLUDED.theme_key,title=EXCLUDED.title,description=EXCLUDED.description,obligation_type=EXCLUDED.obligation_type,applies_to=EXCLUDED.applies_to,mapping_count=EXCLUDED.mapping_count,sort_order=EXCLUDED.sort_order;
INSERT INTO conformity_requirements (regulation_key,theme_key,ref_code,title,description,obligation_type,applies_to,mapping_count,sort_order) VALUES ('cra','post_market','Art 13(8)','Support period and updates over lifetime','Ensure that vulnerabilities are handled effectively during a defined support period reflecting the expected product lifetime.','process',ARRAY['manufacturer']::text[],1,19) ON CONFLICT (regulation_key,ref_code) DO UPDATE SET theme_key=EXCLUDED.theme_key,title=EXCLUDED.title,description=EXCLUDED.description,obligation_type=EXCLUDED.obligation_type,applies_to=EXCLUDED.applies_to,mapping_count=EXCLUDED.mapping_count,sort_order=EXCLUDED.sort_order;
INSERT INTO conformity_requirements (regulation_key,theme_key,ref_code,title,description,obligation_type,applies_to,mapping_count,sort_order) VALUES ('iec_62443','data_protection','3-3 SR 3.1','Communication integrity','The control system shall protect the integrity of transmitted information, detecting unauthorised changes to communications during transmission.','product_requirement',ARRAY['integrator']::text[],1,19) ON CONFLICT (regulation_key,ref_code) DO UPDATE SET theme_key=EXCLUDED.theme_key,title=EXCLUDED.title,description=EXCLUDED.description,obligation_type=EXCLUDED.obligation_type,applies_to=EXCLUDED.applies_to,mapping_count=EXCLUDED.mapping_count,sort_order=EXCLUDED.sort_order;
INSERT INTO conformity_requirements (regulation_key,theme_key,ref_code,title,description,obligation_type,applies_to,mapping_count,sort_order) VALUES ('iec_62443','data_protection','3-3 SR 3.2','Malicious code protection','The control system shall provide protection against, and detection of, malicious code at entry and exit points and on affected devices.','product_requirement',ARRAY['integrator']::text[],0,20) ON CONFLICT (regulation_key,ref_code) DO UPDATE SET theme_key=EXCLUDED.theme_key,title=EXCLUDED.title,description=EXCLUDED.description,obligation_type=EXCLUDED.obligation_type,applies_to=EXCLUDED.applies_to,mapping_count=EXCLUDED.mapping_count,sort_order=EXCLUDED.sort_order;
INSERT INTO conformity_requirements (regulation_key,theme_key,ref_code,title,description,obligation_type,applies_to,mapping_count,sort_order) VALUES ('iec_62443','data_protection','3-3 SR 4.1','Information confidentiality','The control system shall protect the confidentiality of information at rest and in transit for which explicit read authorization is required, using cryptographic mechanisms where appropriate.','product_requirement',ARRAY['integrator']::text[],3,21) ON CONFLICT (regulation_key,ref_code) DO UPDATE SET theme_key=EXCLUDED.theme_key,title=EXCLUDED.title,description=EXCLUDED.description,obligation_type=EXCLUDED.obligation_type,applies_to=EXCLUDED.applies_to,mapping_count=EXCLUDED.mapping_count,sort_order=EXCLUDED.sort_order;
INSERT INTO conformity_requirements (regulation_key,theme_key,ref_code,title,description,obligation_type,applies_to,mapping_count,sort_order) VALUES ('iec_62443','secure_by_design','3-3 SR 5.1','Network segmentation','The control system shall logically segment control networks from non-control networks and partition the system into zones and conduits according to the risk assessment.','product_requirement',ARRAY['integrator']::text[],1,22) ON CONFLICT (regulation_key,ref_code) DO UPDATE SET theme_key=EXCLUDED.theme_key,title=EXCLUDED.title,description=EXCLUDED.description,obligation_type=EXCLUDED.obligation_type,applies_to=EXCLUDED.applies_to,mapping_count=EXCLUDED.mapping_count,sort_order=EXCLUDED.sort_order;
INSERT INTO conformity_requirements (regulation_key,theme_key,ref_code,title,description,obligation_type,applies_to,mapping_count,sort_order) VALUES ('iec_62443','secure_by_design','3-3 SR 5.2','Zone boundary protection','The control system shall monitor and control communications at zone boundaries to enforce the defined conduits, denying network traffic by default and allowing it by exception.','product_requirement',ARRAY['integrator']::text[],0,23) ON CONFLICT (regulation_key,ref_code) DO UPDATE SET theme_key=EXCLUDED.theme_key,title=EXCLUDED.title,description=EXCLUDED.description,obligation_type=EXCLUDED.obligation_type,applies_to=EXCLUDED.applies_to,mapping_count=EXCLUDED.mapping_count,sort_order=EXCLUDED.sort_order;
INSERT INTO conformity_requirements (regulation_key,theme_key,ref_code,title,description,obligation_type,applies_to,mapping_count,sort_order) VALUES ('iec_62443','logging_monitoring','3-3 SR 6.1','Audit log accessibility','The control system shall provide the capability to access audit logs on a read-only basis to authorised personnel and tools.','product_requirement',ARRAY['integrator']::text[],2,24) ON CONFLICT (regulation_key,ref_code) DO UPDATE SET theme_key=EXCLUDED.theme_key,title=EXCLUDED.title,description=EXCLUDED.description,obligation_type=EXCLUDED.obligation_type,applies_to=EXCLUDED.applies_to,mapping_count=EXCLUDED.mapping_count,sort_order=EXCLUDED.sort_order;
INSERT INTO conformity_requirements (regulation_key,theme_key,ref_code,title,description,obligation_type,applies_to,mapping_count,sort_order) VALUES ('iec_62443','logging_monitoring','3-3 SR 6.2','Continuous monitoring','The control system shall provide the capability to continuously monitor security-relevant events using commonly accepted tools and mechanisms.','product_requirement',ARRAY['integrator']::text[],0,25) ON CONFLICT (regulation_key,ref_code) DO UPDATE SET theme_key=EXCLUDED.theme_key,title=EXCLUDED.title,description=EXCLUDED.description,obligation_type=EXCLUDED.obligation_type,applies_to=EXCLUDED.applies_to,mapping_count=EXCLUDED.mapping_count,sort_order=EXCLUDED.sort_order;
INSERT INTO conformity_requirements (regulation_key,theme_key,ref_code,title,description,obligation_type,applies_to,mapping_count,sort_order) VALUES ('iec_62443','resilience','3-3 SR 7.1','Denial-of-service protection','The control system shall maintain essential functions when operating in a degraded mode as the result of a denial-of-service event.','product_requirement',ARRAY['integrator']::text[],2,26) ON CONFLICT (regulation_key,ref_code) DO UPDATE SET theme_key=EXCLUDED.theme_key,title=EXCLUDED.title,description=EXCLUDED.description,obligation_type=EXCLUDED.obligation_type,applies_to=EXCLUDED.applies_to,mapping_count=EXCLUDED.mapping_count,sort_order=EXCLUDED.sort_order;
INSERT INTO conformity_requirements (regulation_key,theme_key,ref_code,title,description,obligation_type,applies_to,mapping_count,sort_order) VALUES ('iec_62443','resilience','3-3 SR 7.2','Resource management and recovery','The control system shall limit the use of resources by security functions to prevent resource exhaustion, and support backup and recovery to a known secure state after a disruption.','product_requirement',ARRAY['integrator']::text[],0,27) ON CONFLICT (regulation_key,ref_code) DO UPDATE SET theme_key=EXCLUDED.theme_key,title=EXCLUDED.title,description=EXCLUDED.description,obligation_type=EXCLUDED.obligation_type,applies_to=EXCLUDED.applies_to,mapping_count=EXCLUDED.mapping_count,sort_order=EXCLUDED.sort_order;

-- Theme x Regulation mappings (matrix cells)
INSERT INTO conformity_mappings (theme_key,regulation_key,requirement_count,requirement_refs) VALUES ('secure_by_design','cra',2,ARRAY['Annex I(1)','Annex I(2)(b)']::text[]) ON CONFLICT (theme_key,regulation_key) DO UPDATE SET requirement_count=EXCLUDED.requirement_count,requirement_refs=EXCLUDED.requirement_refs;
INSERT INTO conformity_mappings (theme_key,regulation_key,requirement_count,requirement_refs) VALUES ('secure_by_design','ai_act',0,'{}'::text[]) ON CONFLICT (theme_key,regulation_key) DO UPDATE SET requirement_count=EXCLUDED.requirement_count,requirement_refs=EXCLUDED.requirement_refs;
INSERT INTO conformity_mappings (theme_key,regulation_key,requirement_count,requirement_refs) VALUES ('secure_by_design','machinery',1,ARRAY['Annex III 1.1.9']::text[]) ON CONFLICT (theme_key,regulation_key) DO UPDATE SET requirement_count=EXCLUDED.requirement_count,requirement_refs=EXCLUDED.requirement_refs;
INSERT INTO conformity_mappings (theme_key,regulation_key,requirement_count,requirement_refs) VALUES ('secure_by_design','iec_62443',4,ARRAY['4-1 SR','4-1 SD','3-3 SR 5.1','3-3 SR 5.2']::text[]) ON CONFLICT (theme_key,regulation_key) DO UPDATE SET requirement_count=EXCLUDED.requirement_count,requirement_refs=EXCLUDED.requirement_refs;
INSERT INTO conformity_mappings (theme_key,regulation_key,requirement_count,requirement_refs) VALUES ('secure_by_design','nis2',0,'{}'::text[]) ON CONFLICT (theme_key,regulation_key) DO UPDATE SET requirement_count=EXCLUDED.requirement_count,requirement_refs=EXCLUDED.requirement_refs;
INSERT INTO conformity_mappings (theme_key,regulation_key,requirement_count,requirement_refs) VALUES ('risk_management','cra',1,ARRAY['Art 13']::text[]) ON CONFLICT (theme_key,regulation_key) DO UPDATE SET requirement_count=EXCLUDED.requirement_count,requirement_refs=EXCLUDED.requirement_refs;
INSERT INTO conformity_mappings (theme_key,regulation_key,requirement_count,requirement_refs) VALUES ('risk_management','ai_act',2,ARRAY['Art 9','Art 17']::text[]) ON CONFLICT (theme_key,regulation_key) DO UPDATE SET requirement_count=EXCLUDED.requirement_count,requirement_refs=EXCLUDED.requirement_refs;
INSERT INTO conformity_mappings (theme_key,regulation_key,requirement_count,requirement_refs) VALUES ('risk_management','machinery',1,ARRAY['Annex III (general)']::text[]) ON CONFLICT (theme_key,regulation_key) DO UPDATE SET requirement_count=EXCLUDED.requirement_count,requirement_refs=EXCLUDED.requirement_refs;
INSERT INTO conformity_mappings (theme_key,regulation_key,requirement_count,requirement_refs) VALUES ('risk_management','iec_62443',1,ARRAY['4-1 SM']::text[]) ON CONFLICT (theme_key,regulation_key) DO UPDATE SET requirement_count=EXCLUDED.requirement_count,requirement_refs=EXCLUDED.requirement_refs;
INSERT INTO conformity_mappings (theme_key,regulation_key,requirement_count,requirement_refs) VALUES ('risk_management','nis2',4,ARRAY['Art 20','Art 21(2)(a)','Art 21(2)(f)','Art 21(2)(g)']::text[]) ON CONFLICT (theme_key,regulation_key) DO UPDATE SET requirement_count=EXCLUDED.requirement_count,requirement_refs=EXCLUDED.requirement_refs;
INSERT INTO conformity_mappings (theme_key,regulation_key,requirement_count,requirement_refs) VALUES ('vulnerability_handling','cra',4,ARRAY['Annex I(2)(a)','Annex I Part II(2)','Annex I Part II(3)','Annex I Part II(5)']::text[]) ON CONFLICT (theme_key,regulation_key) DO UPDATE SET requirement_count=EXCLUDED.requirement_count,requirement_refs=EXCLUDED.requirement_refs;
INSERT INTO conformity_mappings (theme_key,regulation_key,requirement_count,requirement_refs) VALUES ('vulnerability_handling','ai_act',0,'{}'::text[]) ON CONFLICT (theme_key,regulation_key) DO UPDATE SET requirement_count=EXCLUDED.requirement_count,requirement_refs=EXCLUDED.requirement_refs;
INSERT INTO conformity_mappings (theme_key,regulation_key,requirement_count,requirement_refs) VALUES ('vulnerability_handling','machinery',0,'{}'::text[]) ON CONFLICT (theme_key,regulation_key) DO UPDATE SET requirement_count=EXCLUDED.requirement_count,requirement_refs=EXCLUDED.requirement_refs;
INSERT INTO conformity_mappings (theme_key,regulation_key,requirement_count,requirement_refs) VALUES ('vulnerability_handling','iec_62443',2,ARRAY['4-1 SVV','4-1 DM']::text[]) ON CONFLICT (theme_key,regulation_key) DO UPDATE SET requirement_count=EXCLUDED.requirement_count,requirement_refs=EXCLUDED.requirement_refs;
INSERT INTO conformity_mappings (theme_key,regulation_key,requirement_count,requirement_refs) VALUES ('vulnerability_handling','nis2',1,ARRAY['Art 21(2)(e)']::text[]) ON CONFLICT (theme_key,regulation_key) DO UPDATE SET requirement_count=EXCLUDED.requirement_count,requirement_refs=EXCLUDED.requirement_refs;
INSERT INTO conformity_mappings (theme_key,regulation_key,requirement_count,requirement_refs) VALUES ('secure_update','cra',2,ARRAY['Annex I(2)(c)','Annex I Part II(7)']::text[]) ON CONFLICT (theme_key,regulation_key) DO UPDATE SET requirement_count=EXCLUDED.requirement_count,requirement_refs=EXCLUDED.requirement_refs;
INSERT INTO conformity_mappings (theme_key,regulation_key,requirement_count,requirement_refs) VALUES ('secure_update','ai_act',0,'{}'::text[]) ON CONFLICT (theme_key,regulation_key) DO UPDATE SET requirement_count=EXCLUDED.requirement_count,requirement_refs=EXCLUDED.requirement_refs;
INSERT INTO conformity_mappings (theme_key,regulation_key,requirement_count,requirement_refs) VALUES ('secure_update','machinery',1,ARRAY['Annex III 1.2.1(c)']::text[]) ON CONFLICT (theme_key,regulation_key) DO UPDATE SET requirement_count=EXCLUDED.requirement_count,requirement_refs=EXCLUDED.requirement_refs;
INSERT INTO conformity_mappings (theme_key,regulation_key,requirement_count,requirement_refs) VALUES ('secure_update','iec_62443',1,ARRAY['4-1 SUM']::text[]) ON CONFLICT (theme_key,regulation_key) DO UPDATE SET requirement_count=EXCLUDED.requirement_count,requirement_refs=EXCLUDED.requirement_refs;
INSERT INTO conformity_mappings (theme_key,regulation_key,requirement_count,requirement_refs) VALUES ('secure_update','nis2',0,'{}'::text[]) ON CONFLICT (theme_key,regulation_key) DO UPDATE SET requirement_count=EXCLUDED.requirement_count,requirement_refs=EXCLUDED.requirement_refs;
INSERT INTO conformity_mappings (theme_key,regulation_key,requirement_count,requirement_refs) VALUES ('sbom_supply_chain','cra',1,ARRAY['Annex I Part II(1)']::text[]) ON CONFLICT (theme_key,regulation_key) DO UPDATE SET requirement_count=EXCLUDED.requirement_count,requirement_refs=EXCLUDED.requirement_refs;
INSERT INTO conformity_mappings (theme_key,regulation_key,requirement_count,requirement_refs) VALUES ('sbom_supply_chain','ai_act',0,'{}'::text[]) ON CONFLICT (theme_key,regulation_key) DO UPDATE SET requirement_count=EXCLUDED.requirement_count,requirement_refs=EXCLUDED.requirement_refs;
INSERT INTO conformity_mappings (theme_key,regulation_key,requirement_count,requirement_refs) VALUES ('sbom_supply_chain','machinery',0,'{}'::text[]) ON CONFLICT (theme_key,regulation_key) DO UPDATE SET requirement_count=EXCLUDED.requirement_count,requirement_refs=EXCLUDED.requirement_refs;
INSERT INTO conformity_mappings (theme_key,regulation_key,requirement_count,requirement_refs) VALUES ('sbom_supply_chain','iec_62443',1,ARRAY['4-1 SM-9']::text[]) ON CONFLICT (theme_key,regulation_key) DO UPDATE SET requirement_count=EXCLUDED.requirement_count,requirement_refs=EXCLUDED.requirement_refs;
INSERT INTO conformity_mappings (theme_key,regulation_key,requirement_count,requirement_refs) VALUES ('sbom_supply_chain','nis2',1,ARRAY['Art 21(2)(d)']::text[]) ON CONFLICT (theme_key,regulation_key) DO UPDATE SET requirement_count=EXCLUDED.requirement_count,requirement_refs=EXCLUDED.requirement_refs;
INSERT INTO conformity_mappings (theme_key,regulation_key,requirement_count,requirement_refs) VALUES ('access_control','cra',1,ARRAY['Annex I(2)(d)']::text[]) ON CONFLICT (theme_key,regulation_key) DO UPDATE SET requirement_count=EXCLUDED.requirement_count,requirement_refs=EXCLUDED.requirement_refs;
INSERT INTO conformity_mappings (theme_key,regulation_key,requirement_count,requirement_refs) VALUES ('access_control','ai_act',0,'{}'::text[]) ON CONFLICT (theme_key,regulation_key) DO UPDATE SET requirement_count=EXCLUDED.requirement_count,requirement_refs=EXCLUDED.requirement_refs;
INSERT INTO conformity_mappings (theme_key,regulation_key,requirement_count,requirement_refs) VALUES ('access_control','machinery',1,ARRAY['Annex III 1.2.1(a)']::text[]) ON CONFLICT (theme_key,regulation_key) DO UPDATE SET requirement_count=EXCLUDED.requirement_count,requirement_refs=EXCLUDED.requirement_refs;
INSERT INTO conformity_mappings (theme_key,regulation_key,requirement_count,requirement_refs) VALUES ('access_control','iec_62443',6,ARRAY['4-2 FR1','4-2 FR2','3-3 SR 1.1','3-3 SR 1.2','3-3 SR 2.1','3-3 SR 2.5']::text[]) ON CONFLICT (theme_key,regulation_key) DO UPDATE SET requirement_count=EXCLUDED.requirement_count,requirement_refs=EXCLUDED.requirement_refs;
INSERT INTO conformity_mappings (theme_key,regulation_key,requirement_count,requirement_refs) VALUES ('access_control','nis2',2,ARRAY['Art 21(2)(i)','Art 21(2)(j)']::text[]) ON CONFLICT (theme_key,regulation_key) DO UPDATE SET requirement_count=EXCLUDED.requirement_count,requirement_refs=EXCLUDED.requirement_refs;
INSERT INTO conformity_mappings (theme_key,regulation_key,requirement_count,requirement_refs) VALUES ('data_protection','cra',2,ARRAY['Annex I(2)(e)','Annex I(2)(f)']::text[]) ON CONFLICT (theme_key,regulation_key) DO UPDATE SET requirement_count=EXCLUDED.requirement_count,requirement_refs=EXCLUDED.requirement_refs;
INSERT INTO conformity_mappings (theme_key,regulation_key,requirement_count,requirement_refs) VALUES ('data_protection','ai_act',0,'{}'::text[]) ON CONFLICT (theme_key,regulation_key) DO UPDATE SET requirement_count=EXCLUDED.requirement_count,requirement_refs=EXCLUDED.requirement_refs;
INSERT INTO conformity_mappings (theme_key,regulation_key,requirement_count,requirement_refs) VALUES ('data_protection','machinery',0,'{}'::text[]) ON CONFLICT (theme_key,regulation_key) DO UPDATE SET requirement_count=EXCLUDED.requirement_count,requirement_refs=EXCLUDED.requirement_refs;
INSERT INTO conformity_mappings (theme_key,regulation_key,requirement_count,requirement_refs) VALUES ('data_protection','iec_62443',5,ARRAY['4-2 FR3','4-2 FR4','3-3 SR 3.1','3-3 SR 3.2','3-3 SR 4.1']::text[]) ON CONFLICT (theme_key,regulation_key) DO UPDATE SET requirement_count=EXCLUDED.requirement_count,requirement_refs=EXCLUDED.requirement_refs;
INSERT INTO conformity_mappings (theme_key,regulation_key,requirement_count,requirement_refs) VALUES ('data_protection','nis2',1,ARRAY['Art 21(2)(h)']::text[]) ON CONFLICT (theme_key,regulation_key) DO UPDATE SET requirement_count=EXCLUDED.requirement_count,requirement_refs=EXCLUDED.requirement_refs;
INSERT INTO conformity_mappings (theme_key,regulation_key,requirement_count,requirement_refs) VALUES ('logging_monitoring','cra',1,ARRAY['Annex I(2)(l)']::text[]) ON CONFLICT (theme_key,regulation_key) DO UPDATE SET requirement_count=EXCLUDED.requirement_count,requirement_refs=EXCLUDED.requirement_refs;
INSERT INTO conformity_mappings (theme_key,regulation_key,requirement_count,requirement_refs) VALUES ('logging_monitoring','ai_act',1,ARRAY['Art 12']::text[]) ON CONFLICT (theme_key,regulation_key) DO UPDATE SET requirement_count=EXCLUDED.requirement_count,requirement_refs=EXCLUDED.requirement_refs;
INSERT INTO conformity_mappings (theme_key,regulation_key,requirement_count,requirement_refs) VALUES ('logging_monitoring','machinery',1,ARRAY['Annex III 1.2.1(b)']::text[]) ON CONFLICT (theme_key,regulation_key) DO UPDATE SET requirement_count=EXCLUDED.requirement_count,requirement_refs=EXCLUDED.requirement_refs;
INSERT INTO conformity_mappings (theme_key,regulation_key,requirement_count,requirement_refs) VALUES ('logging_monitoring','iec_62443',3,ARRAY['4-2 FR6','3-3 SR 6.1','3-3 SR 6.2']::text[]) ON CONFLICT (theme_key,regulation_key) DO UPDATE SET requirement_count=EXCLUDED.requirement_count,requirement_refs=EXCLUDED.requirement_refs;
INSERT INTO conformity_mappings (theme_key,regulation_key,requirement_count,requirement_refs) VALUES ('logging_monitoring','nis2',0,'{}'::text[]) ON CONFLICT (theme_key,regulation_key) DO UPDATE SET requirement_count=EXCLUDED.requirement_count,requirement_refs=EXCLUDED.requirement_refs;
INSERT INTO conformity_mappings (theme_key,regulation_key,requirement_count,requirement_refs) VALUES ('incident_reporting','cra',1,ARRAY['Art 14']::text[]) ON CONFLICT (theme_key,regulation_key) DO UPDATE SET requirement_count=EXCLUDED.requirement_count,requirement_refs=EXCLUDED.requirement_refs;
INSERT INTO conformity_mappings (theme_key,regulation_key,requirement_count,requirement_refs) VALUES ('incident_reporting','ai_act',1,ARRAY['Art 73']::text[]) ON CONFLICT (theme_key,regulation_key) DO UPDATE SET requirement_count=EXCLUDED.requirement_count,requirement_refs=EXCLUDED.requirement_refs;
INSERT INTO conformity_mappings (theme_key,regulation_key,requirement_count,requirement_refs) VALUES ('incident_reporting','machinery',0,'{}'::text[]) ON CONFLICT (theme_key,regulation_key) DO UPDATE SET requirement_count=EXCLUDED.requirement_count,requirement_refs=EXCLUDED.requirement_refs;
INSERT INTO conformity_mappings (theme_key,regulation_key,requirement_count,requirement_refs) VALUES ('incident_reporting','iec_62443',0,'{}'::text[]) ON CONFLICT (theme_key,regulation_key) DO UPDATE SET requirement_count=EXCLUDED.requirement_count,requirement_refs=EXCLUDED.requirement_refs;
INSERT INTO conformity_mappings (theme_key,regulation_key,requirement_count,requirement_refs) VALUES ('incident_reporting','nis2',2,ARRAY['Art 21(2)(b)','Art 23']::text[]) ON CONFLICT (theme_key,regulation_key) DO UPDATE SET requirement_count=EXCLUDED.requirement_count,requirement_refs=EXCLUDED.requirement_refs;
INSERT INTO conformity_mappings (theme_key,regulation_key,requirement_count,requirement_refs) VALUES ('technical_documentation','cra',1,ARRAY['Annex VII']::text[]) ON CONFLICT (theme_key,regulation_key) DO UPDATE SET requirement_count=EXCLUDED.requirement_count,requirement_refs=EXCLUDED.requirement_refs;
INSERT INTO conformity_mappings (theme_key,regulation_key,requirement_count,requirement_refs) VALUES ('technical_documentation','ai_act',1,ARRAY['Art 11']::text[]) ON CONFLICT (theme_key,regulation_key) DO UPDATE SET requirement_count=EXCLUDED.requirement_count,requirement_refs=EXCLUDED.requirement_refs;
INSERT INTO conformity_mappings (theme_key,regulation_key,requirement_count,requirement_refs) VALUES ('technical_documentation','machinery',1,ARRAY['Annex IV']::text[]) ON CONFLICT (theme_key,regulation_key) DO UPDATE SET requirement_count=EXCLUDED.requirement_count,requirement_refs=EXCLUDED.requirement_refs;
INSERT INTO conformity_mappings (theme_key,regulation_key,requirement_count,requirement_refs) VALUES ('technical_documentation','iec_62443',1,ARRAY['4-1 SG']::text[]) ON CONFLICT (theme_key,regulation_key) DO UPDATE SET requirement_count=EXCLUDED.requirement_count,requirement_refs=EXCLUDED.requirement_refs;
INSERT INTO conformity_mappings (theme_key,regulation_key,requirement_count,requirement_refs) VALUES ('technical_documentation','nis2',0,'{}'::text[]) ON CONFLICT (theme_key,regulation_key) DO UPDATE SET requirement_count=EXCLUDED.requirement_count,requirement_refs=EXCLUDED.requirement_refs;
INSERT INTO conformity_mappings (theme_key,regulation_key,requirement_count,requirement_refs) VALUES ('conformity_declaration','cra',1,ARRAY['Annex V']::text[]) ON CONFLICT (theme_key,regulation_key) DO UPDATE SET requirement_count=EXCLUDED.requirement_count,requirement_refs=EXCLUDED.requirement_refs;
INSERT INTO conformity_mappings (theme_key,regulation_key,requirement_count,requirement_refs) VALUES ('conformity_declaration','ai_act',1,ARRAY['Art 47']::text[]) ON CONFLICT (theme_key,regulation_key) DO UPDATE SET requirement_count=EXCLUDED.requirement_count,requirement_refs=EXCLUDED.requirement_refs;
INSERT INTO conformity_mappings (theme_key,regulation_key,requirement_count,requirement_refs) VALUES ('conformity_declaration','machinery',1,ARRAY['Annex II']::text[]) ON CONFLICT (theme_key,regulation_key) DO UPDATE SET requirement_count=EXCLUDED.requirement_count,requirement_refs=EXCLUDED.requirement_refs;
INSERT INTO conformity_mappings (theme_key,regulation_key,requirement_count,requirement_refs) VALUES ('conformity_declaration','iec_62443',0,'{}'::text[]) ON CONFLICT (theme_key,regulation_key) DO UPDATE SET requirement_count=EXCLUDED.requirement_count,requirement_refs=EXCLUDED.requirement_refs;
INSERT INTO conformity_mappings (theme_key,regulation_key,requirement_count,requirement_refs) VALUES ('conformity_declaration','nis2',0,'{}'::text[]) ON CONFLICT (theme_key,regulation_key) DO UPDATE SET requirement_count=EXCLUDED.requirement_count,requirement_refs=EXCLUDED.requirement_refs;
INSERT INTO conformity_mappings (theme_key,regulation_key,requirement_count,requirement_refs) VALUES ('human_oversight','cra',0,'{}'::text[]) ON CONFLICT (theme_key,regulation_key) DO UPDATE SET requirement_count=EXCLUDED.requirement_count,requirement_refs=EXCLUDED.requirement_refs;
INSERT INTO conformity_mappings (theme_key,regulation_key,requirement_count,requirement_refs) VALUES ('human_oversight','ai_act',2,ARRAY['Art 13','Art 14']::text[]) ON CONFLICT (theme_key,regulation_key) DO UPDATE SET requirement_count=EXCLUDED.requirement_count,requirement_refs=EXCLUDED.requirement_refs;
INSERT INTO conformity_mappings (theme_key,regulation_key,requirement_count,requirement_refs) VALUES ('human_oversight','machinery',0,'{}'::text[]) ON CONFLICT (theme_key,regulation_key) DO UPDATE SET requirement_count=EXCLUDED.requirement_count,requirement_refs=EXCLUDED.requirement_refs;
INSERT INTO conformity_mappings (theme_key,regulation_key,requirement_count,requirement_refs) VALUES ('human_oversight','iec_62443',0,'{}'::text[]) ON CONFLICT (theme_key,regulation_key) DO UPDATE SET requirement_count=EXCLUDED.requirement_count,requirement_refs=EXCLUDED.requirement_refs;
INSERT INTO conformity_mappings (theme_key,regulation_key,requirement_count,requirement_refs) VALUES ('human_oversight','nis2',0,'{}'::text[]) ON CONFLICT (theme_key,regulation_key) DO UPDATE SET requirement_count=EXCLUDED.requirement_count,requirement_refs=EXCLUDED.requirement_refs;
INSERT INTO conformity_mappings (theme_key,regulation_key,requirement_count,requirement_refs) VALUES ('data_governance','cra',0,'{}'::text[]) ON CONFLICT (theme_key,regulation_key) DO UPDATE SET requirement_count=EXCLUDED.requirement_count,requirement_refs=EXCLUDED.requirement_refs;
INSERT INTO conformity_mappings (theme_key,regulation_key,requirement_count,requirement_refs) VALUES ('data_governance','ai_act',1,ARRAY['Art 10']::text[]) ON CONFLICT (theme_key,regulation_key) DO UPDATE SET requirement_count=EXCLUDED.requirement_count,requirement_refs=EXCLUDED.requirement_refs;
INSERT INTO conformity_mappings (theme_key,regulation_key,requirement_count,requirement_refs) VALUES ('data_governance','machinery',0,'{}'::text[]) ON CONFLICT (theme_key,regulation_key) DO UPDATE SET requirement_count=EXCLUDED.requirement_count,requirement_refs=EXCLUDED.requirement_refs;
INSERT INTO conformity_mappings (theme_key,regulation_key,requirement_count,requirement_refs) VALUES ('data_governance','iec_62443',0,'{}'::text[]) ON CONFLICT (theme_key,regulation_key) DO UPDATE SET requirement_count=EXCLUDED.requirement_count,requirement_refs=EXCLUDED.requirement_refs;
INSERT INTO conformity_mappings (theme_key,regulation_key,requirement_count,requirement_refs) VALUES ('data_governance','nis2',0,'{}'::text[]) ON CONFLICT (theme_key,regulation_key) DO UPDATE SET requirement_count=EXCLUDED.requirement_count,requirement_refs=EXCLUDED.requirement_refs;
INSERT INTO conformity_mappings (theme_key,regulation_key,requirement_count,requirement_refs) VALUES ('resilience','cra',1,ARRAY['Annex I(2)(h)']::text[]) ON CONFLICT (theme_key,regulation_key) DO UPDATE SET requirement_count=EXCLUDED.requirement_count,requirement_refs=EXCLUDED.requirement_refs;
INSERT INTO conformity_mappings (theme_key,regulation_key,requirement_count,requirement_refs) VALUES ('resilience','ai_act',2,ARRAY['Art 15','Art 15(5)']::text[]) ON CONFLICT (theme_key,regulation_key) DO UPDATE SET requirement_count=EXCLUDED.requirement_count,requirement_refs=EXCLUDED.requirement_refs;
INSERT INTO conformity_mappings (theme_key,regulation_key,requirement_count,requirement_refs) VALUES ('resilience','machinery',1,ARRAY['Annex III 1.2.1']::text[]) ON CONFLICT (theme_key,regulation_key) DO UPDATE SET requirement_count=EXCLUDED.requirement_count,requirement_refs=EXCLUDED.requirement_refs;
INSERT INTO conformity_mappings (theme_key,regulation_key,requirement_count,requirement_refs) VALUES ('resilience','iec_62443',3,ARRAY['4-2 FR7','3-3 SR 7.1','3-3 SR 7.2']::text[]) ON CONFLICT (theme_key,regulation_key) DO UPDATE SET requirement_count=EXCLUDED.requirement_count,requirement_refs=EXCLUDED.requirement_refs;
INSERT INTO conformity_mappings (theme_key,regulation_key,requirement_count,requirement_refs) VALUES ('resilience','nis2',1,ARRAY['Art 21(2)(c)']::text[]) ON CONFLICT (theme_key,regulation_key) DO UPDATE SET requirement_count=EXCLUDED.requirement_count,requirement_refs=EXCLUDED.requirement_refs;
INSERT INTO conformity_mappings (theme_key,regulation_key,requirement_count,requirement_refs) VALUES ('post_market','cra',1,ARRAY['Art 13(8)']::text[]) ON CONFLICT (theme_key,regulation_key) DO UPDATE SET requirement_count=EXCLUDED.requirement_count,requirement_refs=EXCLUDED.requirement_refs;
INSERT INTO conformity_mappings (theme_key,regulation_key,requirement_count,requirement_refs) VALUES ('post_market','ai_act',1,ARRAY['Art 72']::text[]) ON CONFLICT (theme_key,regulation_key) DO UPDATE SET requirement_count=EXCLUDED.requirement_count,requirement_refs=EXCLUDED.requirement_refs;
INSERT INTO conformity_mappings (theme_key,regulation_key,requirement_count,requirement_refs) VALUES ('post_market','machinery',0,'{}'::text[]) ON CONFLICT (theme_key,regulation_key) DO UPDATE SET requirement_count=EXCLUDED.requirement_count,requirement_refs=EXCLUDED.requirement_refs;
INSERT INTO conformity_mappings (theme_key,regulation_key,requirement_count,requirement_refs) VALUES ('post_market','iec_62443',0,'{}'::text[]) ON CONFLICT (theme_key,regulation_key) DO UPDATE SET requirement_count=EXCLUDED.requirement_count,requirement_refs=EXCLUDED.requirement_refs;
INSERT INTO conformity_mappings (theme_key,regulation_key,requirement_count,requirement_refs) VALUES ('post_market','nis2',0,'{}'::text[]) ON CONFLICT (theme_key,regulation_key) DO UPDATE SET requirement_count=EXCLUDED.requirement_count,requirement_refs=EXCLUDED.requirement_refs;

-- Implementation timeline
INSERT INTO conformity_timeline (regulation_key,event_date,label,sort_order) VALUES ('iec_62443','2013-08-01','IEC 62443-3-3 published (system security requirements)',0) ON CONFLICT (regulation_key,event_date,label) DO UPDATE SET sort_order=EXCLUDED.sort_order;
INSERT INTO conformity_timeline (regulation_key,event_date,label,sort_order) VALUES ('iec_62443','2018-01-01','IEC 62443-4-1 published (secure development lifecycle)',1) ON CONFLICT (regulation_key,event_date,label) DO UPDATE SET sort_order=EXCLUDED.sort_order;
INSERT INTO conformity_timeline (regulation_key,event_date,label,sort_order) VALUES ('iec_62443','2019-02-01','IEC 62443-4-2 published (component requirements)',2) ON CONFLICT (regulation_key,event_date,label) DO UPDATE SET sort_order=EXCLUDED.sort_order;
INSERT INTO conformity_timeline (regulation_key,event_date,label,sort_order) VALUES ('nis2','2023-01-16','NIS2 Directive enters into force',3) ON CONFLICT (regulation_key,event_date,label) DO UPDATE SET sort_order=EXCLUDED.sort_order;
INSERT INTO conformity_timeline (regulation_key,event_date,label,sort_order) VALUES ('machinery','2023-07-19','Machinery Regulation enters into force',4) ON CONFLICT (regulation_key,event_date,label) DO UPDATE SET sort_order=EXCLUDED.sort_order;
INSERT INTO conformity_timeline (regulation_key,event_date,label,sort_order) VALUES ('ai_act','2024-08-01','AI Act enters into force',5) ON CONFLICT (regulation_key,event_date,label) DO UPDATE SET sort_order=EXCLUDED.sort_order;
INSERT INTO conformity_timeline (regulation_key,event_date,label,sort_order) VALUES ('nis2','2024-10-17','Member State transposition deadline',6) ON CONFLICT (regulation_key,event_date,label) DO UPDATE SET sort_order=EXCLUDED.sort_order;
INSERT INTO conformity_timeline (regulation_key,event_date,label,sort_order) VALUES ('nis2','2024-10-18','National measures apply',7) ON CONFLICT (regulation_key,event_date,label) DO UPDATE SET sort_order=EXCLUDED.sort_order;
INSERT INTO conformity_timeline (regulation_key,event_date,label,sort_order) VALUES ('cra','2024-12-10','CRA enters into force',8) ON CONFLICT (regulation_key,event_date,label) DO UPDATE SET sort_order=EXCLUDED.sort_order;
INSERT INTO conformity_timeline (regulation_key,event_date,label,sort_order) VALUES ('ai_act','2025-02-02','Prohibited practices (Art 5) apply',9) ON CONFLICT (regulation_key,event_date,label) DO UPDATE SET sort_order=EXCLUDED.sort_order;
INSERT INTO conformity_timeline (regulation_key,event_date,label,sort_order) VALUES ('nis2','2025-04-17','Member States establish registers of entities',10) ON CONFLICT (regulation_key,event_date,label) DO UPDATE SET sort_order=EXCLUDED.sort_order;
INSERT INTO conformity_timeline (regulation_key,event_date,label,sort_order) VALUES ('ai_act','2025-08-02','GPAI and governance rules apply',11) ON CONFLICT (regulation_key,event_date,label) DO UPDATE SET sort_order=EXCLUDED.sort_order;
INSERT INTO conformity_timeline (regulation_key,event_date,label,sort_order) VALUES ('cra','2026-06-11','Notified-body rules apply',12) ON CONFLICT (regulation_key,event_date,label) DO UPDATE SET sort_order=EXCLUDED.sort_order;
INSERT INTO conformity_timeline (regulation_key,event_date,label,sort_order) VALUES ('ai_act','2026-08-02','High-risk (Annex III) obligations apply',13) ON CONFLICT (regulation_key,event_date,label) DO UPDATE SET sort_order=EXCLUDED.sort_order;
INSERT INTO conformity_timeline (regulation_key,event_date,label,sort_order) VALUES ('cra','2026-09-11','Reporting obligations (Art 14) apply',14) ON CONFLICT (regulation_key,event_date,label) DO UPDATE SET sort_order=EXCLUDED.sort_order;
INSERT INTO conformity_timeline (regulation_key,event_date,label,sort_order) VALUES ('machinery','2027-01-20','Full application — repeals Directive 2006/42/EC',15) ON CONFLICT (regulation_key,event_date,label) DO UPDATE SET sort_order=EXCLUDED.sort_order;
INSERT INTO conformity_timeline (regulation_key,event_date,label,sort_order) VALUES ('ai_act','2027-08-02','High-risk (Annex I) obligations apply',16) ON CONFLICT (regulation_key,event_date,label) DO UPDATE SET sort_order=EXCLUDED.sort_order;
INSERT INTO conformity_timeline (regulation_key,event_date,label,sort_order) VALUES ('cra','2027-12-11','Full application — CE marking required',17) ON CONFLICT (regulation_key,event_date,label) DO UPDATE SET sort_order=EXCLUDED.sort_order;

-- Source corpus
INSERT INTO conformity_sources (title,filename,url,kind,description,regulation_key,sort_order) VALUES ('CRA Obligations — Product & Vendor Matrix','cra-obligations.md','/conformity/sources/cra-obligations.md','Research','Deep research mapping CRA product categories to real commercial products, vendors, and origins, with Class I/II/Critical notes.','cra',0) ON CONFLICT (title) DO UPDATE SET filename=EXCLUDED.filename,url=EXCLUDED.url,kind=EXCLUDED.kind,description=EXCLUDED.description,regulation_key=EXCLUDED.regulation_key,sort_order=EXCLUDED.sort_order;
INSERT INTO conformity_sources (title,filename,url,kind,description,regulation_key,sort_order) VALUES ('CRA Obligations (Part 2)','cra-obligations-2.md','/conformity/sources/cra-obligations-2.md','Research','Continuation of the CRA obligations research and product classification analysis.','cra',1) ON CONFLICT (title) DO UPDATE SET filename=EXCLUDED.filename,url=EXCLUDED.url,kind=EXCLUDED.kind,description=EXCLUDED.description,regulation_key=EXCLUDED.regulation_key,sort_order=EXCLUDED.sort_order;
INSERT INTO conformity_sources (title,filename,url,kind,description,regulation_key,sort_order) VALUES ('CRA Security Attestation (Section 7)','cra-security-attestation-s7.md','/conformity/sources/cra-security-attestation-s7.md','Reference','Working notes on CRA security attestation and Section 7 obligations.','cra',2) ON CONFLICT (title) DO UPDATE SET filename=EXCLUDED.filename,url=EXCLUDED.url,kind=EXCLUDED.kind,description=EXCLUDED.description,regulation_key=EXCLUDED.regulation_key,sort_order=EXCLUDED.sort_order;
INSERT INTO conformity_sources (title,filename,url,kind,description,regulation_key,sort_order) VALUES ('CRA & SBOM — Product Flows Research','cra-sbom-research.md','/conformity/sources/cra-sbom-research.md','Research','Research on CRA-relevant product flows into and within the EU, SBOM readiness, and the notified-body bottleneck.','cra',3) ON CONFLICT (title) DO UPDATE SET filename=EXCLUDED.filename,url=EXCLUDED.url,kind=EXCLUDED.kind,description=EXCLUDED.description,regulation_key=EXCLUDED.regulation_key,sort_order=EXCLUDED.sort_order;
INSERT INTO conformity_sources (title,filename,url,kind,description,regulation_key,sort_order) VALUES ('CRA Hyperscale Power System — P&ID Spec','cra-hyperscale-power-system-pid-spec.md','/conformity/sources/cra-hyperscale-power-system-pid-spec.md','Example','Worked product example: a hyperscale power system P&ID specification used to illustrate CRA scoping.','cra',4) ON CONFLICT (title) DO UPDATE SET filename=EXCLUDED.filename,url=EXCLUDED.url,kind=EXCLUDED.kind,description=EXCLUDED.description,regulation_key=EXCLUDED.regulation_key,sort_order=EXCLUDED.sort_order;
INSERT INTO conformity_sources (title,filename,url,kind,description,regulation_key,sort_order) VALUES ('CRA Supplier Cooling Readiness','cra-supplier-cooling-readiness.pdf','/conformity/sources/cra-supplier-cooling-readiness.pdf','Reference','Supplier cooling-readiness assessment used as a worked CRA supply-chain and readiness reference.','cra',5) ON CONFLICT (title) DO UPDATE SET filename=EXCLUDED.filename,url=EXCLUDED.url,kind=EXCLUDED.kind,description=EXCLUDED.description,regulation_key=EXCLUDED.regulation_key,sort_order=EXCLUDED.sort_order;
INSERT INTO conformity_sources (title,filename,url,kind,description,regulation_key,sort_order) VALUES ('PRD — CRA Conformity Application','prd-cra-conformity-application.md','/conformity/sources/prd-cra-conformity-application.md','PRD','Product requirements document for the CRA conformity application: scope, personas, and the regulation knowledge & mapping engine.','cra',6) ON CONFLICT (title) DO UPDATE SET filename=EXCLUDED.filename,url=EXCLUDED.url,kind=EXCLUDED.kind,description=EXCLUDED.description,regulation_key=EXCLUDED.regulation_key,sort_order=EXCLUDED.sort_order;
INSERT INTO conformity_sources (title,filename,url,kind,description,regulation_key,sort_order) VALUES ('AI Act — Multi-Regulation Conformity Research','ai-act-cra-crosswalk.md','/conformity/sources/ai-act-cra-crosswalk.md','Research','Research on serving the AI Act alongside CRA, Machinery, and IEC 62443: shared evidence model, conformity-path selection, and notified-body orchestration.','ai_act',7) ON CONFLICT (title) DO UPDATE SET filename=EXCLUDED.filename,url=EXCLUDED.url,kind=EXCLUDED.kind,description=EXCLUDED.description,regulation_key=EXCLUDED.regulation_key,sort_order=EXCLUDED.sort_order;
INSERT INTO conformity_sources (title,filename,url,kind,description,regulation_key,sort_order) VALUES ('IEC 62443 — Data Center Zones & Tiers','iec-62443-data-center-zones-and-tiers.pdf','/conformity/sources/iec-62443-data-center-zones-and-tiers.pdf','Reference','IEC 62443 zones, conduits, and tier model applied to data-center environments.','iec_62443',8) ON CONFLICT (title) DO UPDATE SET filename=EXCLUDED.filename,url=EXCLUDED.url,kind=EXCLUDED.kind,description=EXCLUDED.description,regulation_key=EXCLUDED.regulation_key,sort_order=EXCLUDED.sort_order;
INSERT INTO conformity_sources (title,filename,url,kind,description,regulation_key,sort_order) VALUES ('IEC 62443 — Compliance Workshop','iec-62443-compliance-workshop.pdf','/conformity/sources/iec-62443-compliance-workshop.pdf','Reference','Workshop material walking through IEC 62443 compliance for industrial automation and control systems.','iec_62443',9) ON CONFLICT (title) DO UPDATE SET filename=EXCLUDED.filename,url=EXCLUDED.url,kind=EXCLUDED.kind,description=EXCLUDED.description,regulation_key=EXCLUDED.regulation_key,sort_order=EXCLUDED.sort_order;
INSERT INTO conformity_sources (title,filename,url,kind,description,regulation_key,sort_order) VALUES ('IEC 62443 — Deep Research','iec-62443-deep-research.docx','/conformity/sources/iec-62443-deep-research.docx','Research','In-depth research on the IEC 62443 series (4-1 secure development lifecycle, 4-2 component requirements).','iec_62443',10) ON CONFLICT (title) DO UPDATE SET filename=EXCLUDED.filename,url=EXCLUDED.url,kind=EXCLUDED.kind,description=EXCLUDED.description,regulation_key=EXCLUDED.regulation_key,sort_order=EXCLUDED.sort_order;
INSERT INTO conformity_sources (title,filename,url,kind,description,regulation_key,sort_order) VALUES ('PRD — Digital Twin Report & Funnel','prd-digital-twin-report-and-funnel.txt','/conformity/sources/prd-digital-twin-report-and-funnel.txt','PRD','Requirements for the digital-twin conformity report and lead funnel concept.',NULL,11) ON CONFLICT (title) DO UPDATE SET filename=EXCLUDED.filename,url=EXCLUDED.url,kind=EXCLUDED.kind,description=EXCLUDED.description,regulation_key=EXCLUDED.regulation_key,sort_order=EXCLUDED.sort_order;
INSERT INTO conformity_sources (title,filename,url,kind,description,regulation_key,sort_order) VALUES ('CRA — Field Guide','cra-field-guide.md','/conformity/sources/cra-field-guide.md','Field Guide','Comprehensive field guide to the Cyber Resilience Act: scope, product classes, obligations, conformity paths, and timelines.','cra',12) ON CONFLICT (title) DO UPDATE SET filename=EXCLUDED.filename,url=EXCLUDED.url,kind=EXCLUDED.kind,description=EXCLUDED.description,regulation_key=EXCLUDED.regulation_key,sort_order=EXCLUDED.sort_order;
INSERT INTO conformity_sources (title,filename,url,kind,description,regulation_key,sort_order) VALUES ('IEC 62443 — Field Guide','iec-62443-field-guide.md','/conformity/sources/iec-62443-field-guide.md','Field Guide','Field guide to the IEC 62443 series: security levels, zones and conduits, and the 4-1/4-2 requirement families.','iec_62443',13) ON CONFLICT (title) DO UPDATE SET filename=EXCLUDED.filename,url=EXCLUDED.url,kind=EXCLUDED.kind,description=EXCLUDED.description,regulation_key=EXCLUDED.regulation_key,sort_order=EXCLUDED.sort_order;
INSERT INTO conformity_sources (title,filename,url,kind,description,regulation_key,sort_order) VALUES ('EU AI Act — Field Guide','ai-act-field-guide.md','/conformity/sources/ai-act-field-guide.md','Field Guide','Field guide to the EU AI Act: risk tiers, high-risk obligations, conformity assessment, and interplay with product regulations.','ai_act',14) ON CONFLICT (title) DO UPDATE SET filename=EXCLUDED.filename,url=EXCLUDED.url,kind=EXCLUDED.kind,description=EXCLUDED.description,regulation_key=EXCLUDED.regulation_key,sort_order=EXCLUDED.sort_order;
INSERT INTO conformity_sources (title,filename,url,kind,description,regulation_key,sort_order) VALUES ('Machinery Regulation — Field Guide','machinery-field-guide.md','/conformity/sources/machinery-field-guide.md','Field Guide','Field guide to the EU Machinery Regulation: essential health & safety requirements, conformity procedures, and digital documentation.','machinery',15) ON CONFLICT (title) DO UPDATE SET filename=EXCLUDED.filename,url=EXCLUDED.url,kind=EXCLUDED.kind,description=EXCLUDED.description,regulation_key=EXCLUDED.regulation_key,sort_order=EXCLUDED.sort_order;
INSERT INTO conformity_sources (title,filename,url,kind,description,regulation_key,sort_order) VALUES ('NIS2 — Field Guide','nis2-field-guide.md','/conformity/sources/nis2-field-guide.md','Field Guide','Field guide to the NIS2 Directive: covered entities, risk-management measures, incident reporting, and management accountability.','nis2',16) ON CONFLICT (title) DO UPDATE SET filename=EXCLUDED.filename,url=EXCLUDED.url,kind=EXCLUDED.kind,description=EXCLUDED.description,regulation_key=EXCLUDED.regulation_key,sort_order=EXCLUDED.sort_order;
INSERT INTO conformity_sources (title,filename,url,kind,description,regulation_key,sort_order) VALUES ('TS 50701 — Field Guide','ts-50701-field-guide.md','/conformity/sources/ts-50701-field-guide.md','Field Guide','Field guide to CLC/TS 50701 for railway cybersecurity: applying IEC 62443 concepts to the railway domain.','nis2',17) ON CONFLICT (title) DO UPDATE SET filename=EXCLUDED.filename,url=EXCLUDED.url,kind=EXCLUDED.kind,description=EXCLUDED.description,regulation_key=EXCLUDED.regulation_key,sort_order=EXCLUDED.sort_order;
INSERT INTO conformity_sources (title,filename,url,kind,description,regulation_key,sort_order) VALUES ('CRA CE Marking Pathways — Conformity Assessment Deep Reference','cra-ce-marking-pathways.md','/conformity/sources/cra-ce-marking-pathways.md','Reference','Deep reference on CRA conformity assessment: Module A / B+C / H and EUCC pathways, Notified-Body engagement, the Annex VII technical file, the Annex V Declaration of Conformity, and the NB capacity crisis.','cra',18) ON CONFLICT (title) DO UPDATE SET filename=EXCLUDED.filename,url=EXCLUDED.url,kind=EXCLUDED.kind,description=EXCLUDED.description,regulation_key=EXCLUDED.regulation_key,sort_order=EXCLUDED.sort_order;
INSERT INTO conformity_sources (title,filename,url,kind,description,regulation_key,sort_order) VALUES ('CRA ↔ NIS2 Class-Designation Interlock','cra-nis2-class-designation-interlock.pdf','/conformity/sources/cra-nis2-class-designation-interlock.pdf','Reference','How NIS2 essential-entity status drives CRA product classification (IR (EU) 2025/2392): the ''intended for use by'' trigger, Class I vs Class II, the reporting interlock via ENISA, and a worked Siemens SIMATIC S7 example.','cra',19) ON CONFLICT (title) DO UPDATE SET filename=EXCLUDED.filename,url=EXCLUDED.url,kind=EXCLUDED.kind,description=EXCLUDED.description,regulation_key=EXCLUDED.regulation_key,sort_order=EXCLUDED.sort_order;
INSERT INTO conformity_sources (title,filename,url,kind,description,regulation_key,sort_order) VALUES ('CRA Customer Journeys','cra-customer-journeys.pdf','/conformity/sources/cra-customer-journeys.pdf','Reference','Entry points, exposure and engagement sequences for OT product suppliers (OEMs), system integrators, and asset owners / critical-infrastructure operators approaching CRA conformity.','cra',20) ON CONFLICT (title) DO UPDATE SET filename=EXCLUDED.filename,url=EXCLUDED.url,kind=EXCLUDED.kind,description=EXCLUDED.description,regulation_key=EXCLUDED.regulation_key,sort_order=EXCLUDED.sort_order;
INSERT INTO conformity_sources (title,filename,url,kind,description,regulation_key,sort_order) VALUES ('CRA Preparation Service — Module A Walkthrough','cra-preparation-service.key','/conformity/sources/cra-preparation-service.key','Reference','OXOT CRA service deck: a dual-perspective CRA readiness and IEC 62443 baseline assessment for equipment and OEM products — from operational IACS to a shippable product baseline meeting the CRA''s 13 criteria and 8 processes.','cra',21) ON CONFLICT (title) DO UPDATE SET filename=EXCLUDED.filename,url=EXCLUDED.url,kind=EXCLUDED.kind,description=EXCLUDED.description,regulation_key=EXCLUDED.regulation_key,sort_order=EXCLUDED.sort_order;
INSERT INTO conformity_sources (title,filename,url,kind,description,regulation_key,sort_order) VALUES ('Data Center — TIA-942 Framework','data-center-tia-942.md','/conformity/sources/data-center-tia-942.md','Reference','The TIA-942 data-center infrastructure standard: the four resilience tiers, the 2005→2022 revision history, and the site, power, cooling, cabling, fire and physical-security elements of compliance.','iec_62443',22) ON CONFLICT (title) DO UPDATE SET filename=EXCLUDED.filename,url=EXCLUDED.url,kind=EXCLUDED.kind,description=EXCLUDED.description,regulation_key=EXCLUDED.regulation_key,sort_order=EXCLUDED.sort_order;
INSERT INTO conformity_sources (title,filename,url,kind,description,regulation_key,sort_order) VALUES ('TIA Family of Standards','tia-family-of-standards.md','/conformity/sources/tia-family-of-standards.md','Reference','The TIA TR-42 hierarchy of telecommunications cabling-infrastructure standards for premises, data centers and industrial buildings — the 568 series, 569, 942-C, 1005-A, 862-C and related bulletins.','iec_62443',23) ON CONFLICT (title) DO UPDATE SET filename=EXCLUDED.filename,url=EXCLUDED.url,kind=EXCLUDED.kind,description=EXCLUDED.description,regulation_key=EXCLUDED.regulation_key,sort_order=EXCLUDED.sort_order;
INSERT INTO conformity_sources (title,filename,url,kind,description,regulation_key,sort_order) VALUES ('Datacenter Supplier Status to SL-3 and SL-4','datacenter-supplier-status-sl3-sl4.md','/conformity/sources/datacenter-supplier-status-sl3-sl4.md','Research','Certification-landscape research: no data-center-native OT product holds IEC 62443-4-2 SL-3 (and SL-4 exists nowhere), the five global SL-3 components, the SL-2 frontier, and category-by-category gap analysis.','iec_62443',24) ON CONFLICT (title) DO UPDATE SET filename=EXCLUDED.filename,url=EXCLUDED.url,kind=EXCLUDED.kind,description=EXCLUDED.description,regulation_key=EXCLUDED.regulation_key,sort_order=EXCLUDED.sort_order;

-- KPI figures (source summary, stored verbatim for the dashboard)
INSERT INTO conformity_meta (key,value_int) VALUES ('regulation_count',5) ON CONFLICT (key) DO UPDATE SET value_int=EXCLUDED.value_int;
INSERT INTO conformity_meta (key,value_int) VALUES ('requirement_count',78) ON CONFLICT (key) DO UPDATE SET value_int=EXCLUDED.value_int;
INSERT INTO conformity_meta (key,value_int) VALUES ('theme_count',15) ON CONFLICT (key) DO UPDATE SET value_int=EXCLUDED.value_int;
INSERT INTO conformity_meta (key,value_int) VALUES ('mapping_count',61) ON CONFLICT (key) DO UPDATE SET value_int=EXCLUDED.value_int;
